0 27.1724 44.0019 0.271724 0.440019 0.00271724 0.00440019
1000 9.69375 13.791 9.23393 14.0565 9.63007 14.3621
2000 3.36478 4.17901 8.1737 10.8949 8.10009 11.0467
3000 14.7351 16.7464 7.43795 9.70358 7.47623 9.5315
4000 6.53845 10.7843 7.00133 8.96539 7.03619 9.08424
5000 9.8742 10.7281 7.04379 8.86568 6.88991 8.71977
6000 9.20522 10.4099 6.58787 8.06726 6.53701 8.05991
7000 7.97846 8.66111 6.078 7.53787 6.18992 7.60112
8000 1.81471 3.9776 5.9585 7.33939 5.90374 7.29648
9000 4.33018 5.01233 5.54605 6.88188 5.65654 7.03148
10000 4.23273 4.23973 5.69153 7.10433 5.57032 6.91987
11000 1.97729 2.0338 5.87482 7.03129 5.66191 6.89785
12000 9.38945 11.3206 5.47521 6.65731 5.42719 6.64206
13000 4.36436 4.72345 5.38036 6.43451 5.36007 6.44926
14000 1.69442 2.91398 5.13427 6.21162 5.13379 6.21456
15000 7.16187 7.8667 5.1659 6.15964 5.26439 6.28882
16000 3.33744 3.56934 5.20668 6.23023 5.03995 6.11406
17000 4.12563 5.93451 5.00733 6.16908 5.05225 6.13153
18000 6.87977 7.9712 4.99254 5.95008 5.08897 6.10647
19000 6.70785 7.25722 5.223 6.19294 5.2318 6.24056
20000 9.2912 9.87772 4.62411 5.58691 4.74649 5.73548
21000 5.81282 6.42823 5.04234 6.12295 4.91519 5.88268
22000 3.26516 3.42029 4.91227 5.88799 5.00942 5.96932
23000 3.8104 4.69295 4.87906 5.85669 4.87035 5.84923
24000 4.41648 4.95539 4.52573 5.52452 4.58828 5.64134
25000 1.41541 1.55385 4.4401 5.35242 4.51806 5.44738
26000 3.6964 4.81687 4.89839 5.84398 4.80729 5.73745
27000 2.87872 4.52927 4.36252 5.2479 4.44819 5.34491
28000 5.75831 6.8804 4.49374 5.48438 4.41376 5.40665
29000 4.95248 6.13511 4.62753 5.54338 4.49981 5.41651
30000 2.3027 3.73055 4.42375 5.35622 4.58537 5.48238
31000 10.2505 10.9962 4.61303 5.56638 4.59128 5.5799
32000 9.13631 10.4569 4.5234 5.39789 4.54468 5.4217
33000 2.05955 2.98386 4.22208 5.11723 4.336 5.26041
34000 10.225 10.8726 4.36383 5.27387 4.39739 5.33506
35000 3.19141 3.76778 4.34904 5.26426 4.38523 5.29266
36000 2.98344 4.67112 4.46547 5.39597 4.49764 5.40321
37000 5.90228 6.12735 4.27956 5.17705 4.22162 5.1389
38000 4.43212 4.89791 4.24822 5.06937 4.21815 5.08439
39000 5.85276 8.44692 3.94999 4.78712 4.07701 4.88803
40000 3.71802 3.86128 3.96206 4.80227 4.02477 4.89765
41000 3.07881 3.59622 4.20013 5.05359 4.24891 5.11325
42000 4.19279 5.01623 4.31577 5.15277 4.26832 5.12431
43000 4.28995 6.5675 4.02466 4.99343 4.12798 5.06791
44000 7.52205 7.73092 4.08925 4.90054 4.05615 4.88785
45000 8.30194 10.2447 4.08446 4.91269 4.06771 4.87442
46000 6.04485 7.1812 4.03334 4.90659 4.05123 4.88422
47000 4.5806 5.21914 4.07506 4.95435 4.13556 5.00062
48000 4.4211 4.64663 4.00176 4.86468 4.06069 4.88669
49000 4.64995 4.95531 4.14365 4.90791 4.12512 4.89535
50000 5.88346 6.91358 3.99066 4.7627 3.93964 4.75076
51000 1.92395 3.30506 3.8516 4.74394 3.93816 4.7559
52000 2.64 4.05156 3.844 4.66509 3.8714 4.71197
53000 5.21915 6.67636 4.06628 4.95172 3.90946 4.72173
54000 3.50813 5.40979 3.8397 4.72963 3.81954 4.65641
55000 4.36632 5.4853 4.02583 4.83867 3.89244 4.74114
56000 3.3337 4.25603 3.60736 4.40573 3.80777 4.60788
57000 2.61269 2.72466 3.89485 4.74666 3.79884 4.67582
58000 3.72342 4.58708 3.76208 4.67555 3.83393 4.71272
59000 1.20566 1.22059 3.6943 4.46996 3.72264 4.49485
60000 2.86435 3.51313 3.85199 4.68674 3.84272 4.6778
61000 3.6688 4.9431 3.85777 4.7359 3.81059 4.59922
62000 4.47931 5.24623 3.68223 4.48 3.75794 4.59877
63000 2.49975 3.03517 3.59577 4.40837 3.61406 4.45817
64000 1.12337 1.88199 3.59979 4.42366 3.78629 4.60429
65000 3.01029 3.72254 3.71862 4.43804 3.71112 4.47739
66000 3.33486 3.34441 3.74543 4.5038 3.74397 4.54444
67000 4.04282 5.90987 3.75126 4.50314 3.68575 4.43691
68000 2.91124 3.32166 3.64844 4.40216 3.5898 4.36486
69000 3.1095 4.1244 3.6043 4.36883 3.70079 4.51143
70000 3.77883 4.4873 3.44507 4.14739 3.58393 4.30395
71000 2.43538 3.27563 3.52522 4.32469 3.6031 4.39628
72000 1.38897 2.6536 3.59085 4.37399 3.58771 4.34065
73000 0.777982 0.99923 3.57257 4.25925 3.41951 4.12635
74000 4.90941 5.94385 3.6501 4.42665 3.57605 4.36073
75000 1.40899 1.63584 3.49519 4.19549 3.7179 4.44579
76000 5.45468 5.73119 3.54304 4.3333 3.46772 4.25011
77000 4.82858 5.98446 3.53649 4.35642 3.49625 4.33228
78000 3.85873 3.96229 3.55215 4.26246 3.50759 4.24052
79000 3.34553 4.49233 3.56437 4.36061 3.55236 4.32546
80000 1.63402 2.51615 3.32963 4.11948 3.3511 4.09949
81000 3.71179 4.88052 3.3706 4.15376 3.3873 4.16319
82000 6.75171 8.17775 3.38483 4.29546 3.38086 4.19979
83000 4.14755 5.69802 3.42064 4.15639 3.51356 4.27851
84000 2.50271 2.84202 3.40403 4.20895 3.37812 4.17214
85000 2.65805 3.71177 3.35601 4.13208 3.29355 4.03329
86000 1.53658 2.28431 3.37908 4.11848 3.49612 4.22067
87000 2.60644 3.3593 3.42906 4.19879 3.40817 4.15245
88000 2.01865 3.9879 3.32034 4.06737 3.34447 4.09274
89000 2.42643 4.32773 3.38712 4.13693 3.4754 4.2303
90000 3.31914 3.35957 3.06146 3.77385 3.23387 3.95432
91000 3.00919 3.84197 3.25085 3.95537 3.23838 3.97596
92000 2.45189 4.70145 3.29131 3.99426 3.31886 4.07633
93000 3.71123 4.76328 3.26271 4.02938 3.25884 3.97837
94000 3.56256 4.9541 3.09787 3.82507 3.153 3.88217
95000 2.26391 2.68886 3.28459 3.95619 3.3476 4.0392
96000 7.08447 7.15122 3.45947 4.09818 3.43708 4.10198
97000 1.87624 2.98098 3.37131 4.14374 3.31412 4.07428
98000 4.81762 5.08466 3.38109 4.18601 3.3347 4.10243
99000 1.60345 2.40391 3.34852 4.15241 3.34023 4.05408
100000 1.15637 1.36474 2.98183 3.67492 3.07165 3.81118
101000 3.54815 3.98151 3.15871 3.94469 3.17526 3.93545
102000 3.50283 5.05372 3.16544 3.92883 3.2232 3.97717
103000 3.27137 3.38963 3.05374 3.75019 3.17698 3.88502
104000 0.816673 1.39697 3.25403 3.93722 3.30095 3.99759
105000 2.33919 2.66075 3.24849 3.91637 3.24882 3.93478
106000 2.82103 2.87878 3.05499 3.85023 3.14546 3.91469
107000 2.1403 3.05821 3.14675 3.87219 3.19428 3.89646
108000 2.5364 3.14504 3.27555 4.01786 3.24555 3.96376
109000 2.60421 3.08918 2.97237 3.63312 2.96618 3.61494
110000 3.07869 3.35338 2.94228 3.71175 3.06771 3.79096
111000 2.99913 4.53906 3.11723 3.79116 3.0876 3.75843
112000 1.00007 1.14154 3.12447 3.82903 3.1674 3.86877
113000 3.12807 3.98615 2.96133 3.74544 3.11617 3.90219
114000 2.27309 2.6833 3.00981 3.79112 3.05724 3.80081
115000 2.48745 4.63994 2.98634 3.77293 3.01993 3.80846
116000 4.64371 5.55697 3.09388 3.70052 2.98311 3.62969
117000 2.80026 3.32597 3.12183 3.76832 3.16938 3.8506
118000 0.92895 2.55678 2.96068 3.63326 2.95173 3.6298
119000 3.45531 5.69732 3.20466 3.90135 3.11567 3.84261
120000 2.64291 2.9937 3.08167 3.78982 3.00557 3.66543
121000 1.09743 2.98756 2.92668 3.55125 3.02544 3.67346
122000 6.41574 6.9038 3.18147 3.88805 3.06874 3.76263
123000 1.88575 2.38489 2.94382 3.5883 3.01016 3.68912
124000 5.67677 6.49773 3.07511 3.83403 2.99577 3.70756
125000 3.17998 4.94422 3.02388 3.87569 3.07334 3.85535
126000 1.72077 3.34373 2.84482 3.50002 2.86509 3.54044
127000 2.16344 2.85745 2.8568 3.5512 2.91713 3.61032
128000 2.88394 3.15328 2.86697 3.56242 2.96241 3.67341
129000 1.15178 1.28025 3.03095 3.73119 3.01437 3.75867
130000 4.551 6.15656 2.97282 3.76798 2.94846 3.66444
131000 1.90366 2.54094 2.87814 3.66704 2.93772 3.67511
132000 5.28049 6.6807 2.88534 3.57866 2.81602 3.49358
133000 4.0071 4.43294 2.8768 3.56397 2.81595 3.48253
134000 1.66364 2.08218 3.01685 3.73971 2.87852 3.58499
135000 2.56487 2.98423 2.94971 3.66391 2.88749 3.55359
136000 3.99296 5.14526 2.98824 3.70355 2.94453 3.60688
137000 2.62823 3.15275 2.97446 3.67842 2.92836 3.66522
138000 2.75718 3.52739 2.99215 3.70798 2.90862 3.61056
139000 3.85297 4.23302 2.7924 3.40474 2.78451 3.44385
140000 2.61118 3.33982 2.92444 3.61557 2.87749 3.56057
141000 1.6193 1.81921 2.83034 3.54576 2.86321 3.54263
142000 3.30478 3.55216 2.90911 3.57787 2.88659 3.55684
143000 2.10446 2.23747 2.94021 3.59389 2.89008 3.5668
144000 2.61229 2.61451 2.86984 3.53318 2.89144 3.55549
145000 1.91075 2.8215 2.82969 3.49099 2.86011 3.53508
146000 5.37154 5.57194 2.96918 3.65244 2.85947 3.55918
147000 5.85017 6.10333 2.79377 3.47021 2.78701 3.45097
148000 2.21839 4.68392 2.80758 3.52441 2.73968 3.42562
149000 1.92877 2.26509 2.77601 3.40395 2.7799 3.44198
150000 2.79252 2.91555 2.68057 3.36142 2.69991 3.4047
151000 2.73815 3.02556 2.73558 3.33461 2.77376 3.37875
152000 0.669984 1.33358 2.76799 3.396 2.9077 3.55558
153000 1.60948 3.36419 2.78309 3.4593 2.78595 3.43073
154000 2.07912 2.6758 2.85521 3.55532 2.87007 3.52871
155000 2.42563 3.63331 2.77142 3.42942 2.78243 3.46709
156000 3.02297 3.16328 2.87257 3.48482 2.77878 3.44879
157000 2.73046 3.4708 2.6717 3.33907 2.72932 3.39659
158000 1.2459 2.25132 2.67631 3.32728 2.72182 3.37192
159000 1.86002 2.894 2.95758 3.60307 2.98098 3.61121
160000 3.01267 3.74522 2.62749 3.26321 2.61521 3.24838
161000 2.97864 3.24692 2.57695 3.21291 2.646 3.29166
162000 5.30632 5.4883 2.82558 3.51362 2.73827 3.39756
163000 2.99839 3.09185 2.76277 3.37437 2.72219 3.31697
164000 3.76352 3.98425 2.79468 3.45603 2.79351 3.46335
165000 3.13701 3.61296 2.67666 3.30604 2.65758 3.29951
166000 2.88661 2.94057 2.69005 3.24331 2.68516 3.2796
167000 1.26128 1.42028 2.76408 3.41205 2.76792 3.39709
168000 2.96586 3.36366 2.64484 3.24493 2.69734 3.33017
169000 1.95944 2.26226 2.67199 3.28637 2.67802 3.28969
170000 1.63839 2.47889 2.7788 3.42121 2.72102 3.39527
171000 1.37568 1.42374 2.77938 3.38574 2.71855 3.34948
172000 2.7089 3.21926 2.64087 3.34841 2.58838 3.2656
173000 1.24037 1.57673 2.70763 3.3709 2.69542 3.34695
174000 2.65359 3.00084 2.54276 3.20217 2.5785 3.25052
175000 1.39356 1.49199 2.82403 3.43638 2.68907 3.32678
176000 1.20474 2.76883 2.77009 3.44658 2.77861 3.43149
177000 2.0459 3.0672 2.69807 3.32263 2.7101 3.31542
178000 1.705 2.21152 2.59548 3.23413 2.57199 3.22447
179000 1.30382 1.43783 2.69438 3.32146 2.65825 3.27744
180000 1.85016 3.57474 2.64642 3.34233 2.61977 3.27104
181000 1.65252 2.22308 2.53844 3.21908 2.63093 3.28565
182000 3.13979 4.24266 2.65755 3.24996 2.5904 3.21523
183000 1.89393 2.33671 2.61476 3.20631 2.59088 3.1773
184000 3.05766 3.27779 2.58813 3.16342 2.61219 3.19517
185000 4.15242 4.34566 2.74991 3.3443 2.65094 3.23843
186000 3.47472 3.58738 2.59298 3.18616 2.61977 3.23761
187000 3.73804 3.89225 2.63458 3.27945 2.61623 3.25475
188000 3.65682 4.71659 2.68765 3.31131 2.68583 3.30107
189000 0.972756 1.18772 2.65444 3.29332 2.63972 3.27964
190000 4.5464 5.36776 2.56803 3.19297 2.50709 3.14532
191000 2.41803 2.91164 2.59207 3.18476 2.55189 3.17848
192000 0.906523 1.4415 2.52907 3.16051 2.58485 3.18409
193000 6.42191 7.33703 2.49081 3.07041 2.5115 3.10706
194000 2.91965 4.14888 2.70901 3.3702 2.64904 3.25699
195000 0.709535 1.74334 2.41699 3.0049 2.49486 3.08639
196000 2.53557 4.32733 2.56681 3.23095 2.47701 3.12128
197000 3.75784 5.03623 2.59869 3.15541 2.64084 3.22472
198000 4.02523 4.11322 2.56891 3.15921 2.51971 3.12103
199000 1.97285 2.20101 2.51479 3.12104 2.48865 3.08685
200000 1.09324 2.49206 2.46876 3.13135 2.44443 3.07585
201000 4.31411 5.21834 2.48689 3.06536 2.50978 3.09282
202000 2.30188 3.35947 2.61165 3.21611 2.59278 3.2475
203000 4.29937 4.49375 2.50732 3.10895 2.57157 3.18499
204000 2.9044 3.59429 2.71915 3.29724 2.6717 3.27421
205000 1.03178 2.04411 2.59063 3.19047 2.60022 3.20963
206000 2.49154 4.59946 2.44804 3.0511 2.54316 3.12429
207000 3.00713 3.13809 2.43131 3.03546 2.4442 3.04448
208000 4.97273 5.56354 2.36113 3.00196 2.49542 3.11672
209000 4.08314 4.09787 2.52425 3.11217 2.53462 3.14615
210000 1.20282 1.94047 2.49568 3.16653 2.51921 3.13377
211000 3.9262 4.01662 2.37398 2.96688 2.44175 3.02717
212000 2.82236 3.2576 2.54553 3.06313 2.56513 3.11832
213000 2.21275 2.4428 2.29127 2.89379 2.3775 2.96648
214000 2.65377 3.01862 2.38651 3.02207 2.43539 3.05966
215000 1.66649 2.79103 2.49064 3.06746 2.46936 3.03973
216000 2.78521 2.99569 2.64736 3.27839 2.59792 3.18271
217000 2.41481 3.1914 2.63958 3.26416 2.56463 3.17426
218000 2.53233 4.03409 2.5764 3.16743 2.47009 3.04232
219000 3.44787 4.26785 2.54427 3.14141 2.49871 3.0918
220000 1.45641 1.98139 2.49858 3.13919 2.5137 3.1159
221000 1.50684 2.34724 2.30465 2.89046 2.40821 3.02011
222000 3.68223 5.20452 2.42812 3.02573 2.46283 3.06001
223000 3.04264 3.092 2.56102 3.14016 2.47711 3.05903
224000 1.12087 1.24817 2.42444 3.02703 2.40014 2.98161
225000 4.42975 4.81426 2.51262 3.1254 2.58774 3.18777
226000 2.7243 3.09286 2.41694 3.01954 2.41015 3.00299
227000 1.22212 1.48109 2.44862 3.04402 2.46042 3.05583
228000 1.41629 1.91621 2.6342 3.21545 2.62482 3.18597
229000 2.31197 2.85576 2.44442 3.05892 2.43964 3.0258
230000 4.18259 4.28889 2.5137 3.18776 2.4367 3.0683
231000 1.20778 1.63354 2.3407 2.91994 2.415 2.99605
232000 1.05126 3.19388 2.45995 3.0456 2.4124 2.98472
233000 3.67323 4.12348 2.40847 2.9931 2.36752 2.99538
234000 2.30717 2.53139 2.51792 3.13759 2.42719 3.01359
235000 2.67582 3.45262 2.47054 3.06046 2.47511 3.06622
236000 2.75085 2.80555 2.36714 2.91876 2.31962 2.85356
237000 1.8414 2.47881 2.34183 2.90587 2.38464 2.93709
238000 2.99725 4.14089 2.37817 2.93664 2.3764 2.94838
239000 3.06813 3.13735 2.21011 2.78694 2.32674 2.91132
240000 1.91788 3.23768 2.48419 3.09302 2.51435 3.09746
241000 0.706261 0.938923 2.42542 3.03493 2.37968 2.97193
242000 2.6425 3.03142 2.4299 3.00071 2.39058 2.97511
243000 2.86098 3.66062 2.42965 3.00819 2.46458 3.04838
244000 1.43317 1.43544 2.45754 2.99856 2.39848 2.94479
245000 1.2854 2.36526 2.28463 2.84546 2.39322 2.95258
246000 1.45535 1.90339 2.30934 2.79292 2.37633 2.91246
247000 2.63544 3.29059 2.47499 3.05945 2.3743 2.95818
248000 4.86331 5.5893 2.37339 2.97336 2.31913 2.90721
249000 1.05783 1.22426 2.30492 2.84135 2.37044 2.9434
250000 1.69486 2.02398 2.26258 2.8288 2.32986 2.93007
251000 1.85384 2.23548 2.33953 2.92224 2.34195 2.89579
252000 2.79963 3.18058 2.31993 2.85863 2.35283 2.92064
253000 1.66364 1.92469 2.31781 2.87591 2.35914 2.93936
254000 1.6382 1.70611 2.26556 2.88673 2.26032 2.86929
255000 1.37007 1.44498 2.26906 2.84169 2.31873 2.88295
256000 2.30212 2.3753 2.14979 2.67196 2.29503 2.84853
257000 1.79082 2.58461 2.31971 2.79281 2.38042 2.90936
258000 2.92859 2.97146 2.41664 3.00664 2.45613 3.02887
259000 1.49836 2.26595 2.27437 2.88131 2.33994 2.90776
260000 3.80058 4.52354 2.27331 2.82636 2.23678 2.81329
261000 2.4183 3.11821 2.29139 2.91268 2.29037 2.87118
262000 2.69115 3.87472 2.276 2.83855 2.24502 2.77717
263000 3.77126 4.00735 2.24859 2.81805 2.2347 2.82427
264000 0.829028 1.06771 2.25956 2.83024 2.27953 2.8378
265000 2.1723 2.53071 2.2659 2.83088 2.30323 2.84339
266000 3.35083 4.50531 2.40009 2.99143 2.39981 2.99588
267000 2.62169 2.87893 2.30375 2.89487 2.27063 2.86027
268000 2.88455 3.99913 2.39798 2.97664 2.36437 2.93252
269000 3.90588 3.91915 2.35854 2.85506 2.35441 2.86389
270000 0.942056 1.16082 2.35671 2.91874 2.26686 2.84242
271000 1.67943 2.20897 2.27477 2.82989 2.27388 2.84282
272000 2.09015 2.51815 2.37655 2.96 2.27447 2.85007
273000 3.74225 5.81352 2.38663 2.90545 2.31878 2.82272
274000 1.00211 1.2857 2.29603 2.83302 2.26836 2.82111
275000 1.5761 2.91415 2.12639 2.75697 2.21082 2.8003
276000 2.2587 3.18381 2.15844 2.75767 2.22231 2.79319
277000 1.02594 1.80941 2.25259 2.78701 2.26696 2.8135
278000 1.90462 2.95348 2.23206 2.75803 2.26938 2.80632
279000 0.912561 1.79727 2.28547 2.81601 2.24364 2.80679
280000 1.72055 2.16015 2.24907 2.83279 2.27414 2.82772
281000 0.918853 1.13627 2.30166 2.80307 2.2698 2.77836
282000 0.676549 1.76459 2.33474 2.93768 2.35882 2.91177
283000 3.463 3.73879 2.13174 2.73063 2.1706 2.75444
284000 1.71591 2.13047 2.24833 2.7945 2.25408 2.80652
285000 1.84263 3.59445 2.32935 2.92767 2.27992 2.8567
286000 1.75341 1.77175 2.14299 2.62183 2.19051 2.70677
287000 3.25458 3.8847 2.29859 2.90999 2.2868 2.83963
288000 2.70388 2.9311 2.24108 2.7713 2.25543 2.77981
289000 2.5447 3.66401 2.22882 2.74524 2.2231 2.73097
290000 5.7778 6.68694 2.3749 2.98472 2.26966 2.83754
291000 2.90168 3.45443 2.19236 2.73156 2.23848 2.79815
292000 4.22682 5.10638 2.29405 2.80642 2.30424 2.83092
293000 2.68806 2.89645 2.39043 2.92225 2.30074 2.83725
294000 2.81019 2.85341 2.20559 2.75784 2.19696 2.7397
295000 3.93665 4.56129 2.27018 2.79281 2.24846 2.80827
296000 1.47322 1.58374 2.19506 2.7955 2.20225 2.79282
297000 1.97842 3.70417 2.26602 2.87847 2.26116 2.84761
298000 2.07056 2.35999 2.15276 2.68955 2.15021 2.69527
299000 2.24487 2.76601 2.24014 2.77304 2.27107 2.78047
300000 1.53524 2.11491 2.21991 2.7293 2.20503 2.74866
301000 3.94997 4.22775 2.37636 2.92647 2.26607 2.7859
302000 1.6719 1.81877 2.21557 2.74628 2.23581 2.76542
303000 2.94672 3.0755 2.19498 2.66687 2.23651 2.75926
304000 3.66439 3.85224 2.29663 2.81677 2.21543 2.7327
305000 1.31645 1.78285 2.16817 2.66595 2.18885 2.69811
306000 2.32052 3.38978 2.30294 2.85869 2.28836 2.83303
307000 1.13793 1.26831 2.14245 2.68398 2.15621 2.71586
308000 2.55582 3.64488 2.20134 2.74517 2.2108 2.75088
309000 1.64801 1.76423 2.18182 2.71322 2.21881 2.75559
310000 1.43052 3.57244 2.25232 2.79451 2.26566 2.81599
311000 1.45127 1.77791 2.16989 2.68737 2.14371 2.66035
312000 2.61545 3.08278 2.16113 2.71154 2.1986 2.75448
313000 2.75202 3.49995 2.34729 2.84083 2.22626 2.71294
314000 4.17884 4.26411 2.20741 2.76125 2.21453 2.7741
315000 1.75881 3.07014 2.14949 2.677 2.17908 2.68912
316000 1.43478 2.43624 2.30558 2.83908 2.25216 2.78643
317000 2.20235 2.76686 2.12882 2.64826 2.15241 2.68698
318000 2.19011 2.2921 2.26608 2.76368 2.24632 2.76942
319000 1.88319 2.26315 2.22419 2.73136 2.21716 2.72662
320000 1.77836 2.1114 2.18542 2.69999 2.08739 2.56977
321000 1.88194 2.29741 2.24832 2.76724 2.25404 2.79191
322000 1.12793 1.29736 2.05252 2.55011 2.08276 2.62699
323000 1.78564 1.87023 2.35606 2.83858 2.30469 2.81374
324000 3.5232 4.2858 2.12841 2.64383 2.13691 2.68647
325000 0.934035 1.57181 2.12421 2.67816 2.16707 2.71543
326000 1.51508 2.39755 2.19806 2.77544 2.22077 2.77868
327000 1.14655 1.51301 2.11107 2.64643 2.12999 2.66689
328000 2.06404 2.17384 2.13797 2.7379 2.09235 2.65685
329000 3.00361 4.43963 2.15272 2.66823 2.20051 2.70663
330000 2.24532 2.59334 2.14929 2.71059 2.13857 2.66804
331000 1.73694 2.8828 2.19071 2.67912 2.14292 2.65922
332000 3.77571 4.03985 2.05971 2.57756 2.13445 2.65953
333000 2.38204 3.41477 2.08762 2.58737 2.09227 2.62068
334000 2.16674 2.85439 2.21551 2.72598 2.17312 2.66942
335000 2.58062 2.6103 2.13256 2.65131 2.12379 2.63519
336000 1.99773 2.43632 2.20313 2.71347 2.16516 2.66745
337000 1.891 1.92017 2.10233 2.5913 2.16852 2.66296
338000 2.64559 2.84054 2.16861 2.72034 2.16572 2.69804
339000 1.98229 2.74542 2.21429 2.73474 2.20305 2.69762
340000 1.85206 2.38462 2.10422 2.66053 2.08686 2.62288
341000 1.54611 1.63249 1.99615 2.54318 2.09001 2.62159
342000 2.38684 3.42523 2.1578 2.67747 2.14365 2.68435
343000 2.04854 2.46202 2.02595 2.53077 2.02456 2.56787
344000 0.200641 1.3242 2.089 2.57389 2.06235 2.54391
345000 1.19056 1.29895 2.1106 2.61718 2.12114 2.62409
346000 2.68234 2.71583 2.12923 2.57071 2.09217 2.56575
347000 2.61018 3.05039 2.14081 2.68214 2.1183 2.65575
348000 1.68256 2.71355 2.01625 2.53207 2.08457 2.60718
349000 3.26499 3.92769 2.15703 2.69086 2.15889 2.67698
350000 0.87665 1.70252 2.07731 2.58478 2.11276 2.63142
351000 0.913185 0.934086 2.12297 2.60716 2.13569 2.63022
352000 2.62098 4.14029 2.13539 2.6509 2.06383 2.5803
353000 1.81669 2.74136 2.16976 2.76284 2.1245 2.67363
354000 0.653328 0.745054 2.02626 2.5305 1.99919 2.52663
355000 3.21744 3.55958 2.03998 2.60377 2.03566 2.55603
356000 0.842871 1.29062 2.11472 2.5902 2.13176 2.61099
357000 1.26651 1.29562 2.14842 2.64867 2.12599 2.61301
358000 2.5594 2.98764 2.15236 2.63451 2.05311 2.53636
359000 2.39952 3.21124 1.96798 2.50204 2.01536 2.53894
360000 1.91846 2.49721 2.10441 2.66558 2.13969 2.70356
361000 4.13456 4.81637 2.13804 2.6259 2.07357 2.58396
362000 1.79238 2.49965 2.18598 2.70118 2.12719 2.63088
363000 1.84798 2.28869 2.09548 2.60115 2.10685 2.64196
364000 1.97827 1.99038 2.06239 2.62405 2.10385 2.65405
365000 2.87755 3.54159 2.02304 2.51834 1.99522 2.50337
366000 0.91579 1.01393 2.05931 2.57731 2.08792 2.58903
367000 2.74035 3.3205 2.03712 2.61871 2.0599 2.60213
368000 1.5279 1.64567 2.07463 2.59933 2.0502 2.57568
369000 3.35805 3.64491 2.16297 2.71238 2.13282 2.6556
370000 3.04893 3.30756 2.08588 2.61633 2.05311 2.57859
371000 1.2978 1.63962 1.98136 2.51603 2.00346 2.55593
372000 4.9339 5.04533 2.09503 2.64332 2.02479 2.5754
373000 0.625254 1.24579 1.89828 2.40363 2.05476 2.55034
374000 0.980088 1.47275 2.07381 2.61377 2.08056 2.60609
375000 1.81186 2.59415 1.95037 2.50858 2.02164 2.5312
376000 3.20163 3.23379 2.1761 2.70818 2.13226 2.62813
377000 0.67872 1.02386 2.01433 2.51047 2.00629 2.53309
378000 1.43951 1.5428 2.14511 2.64217 2.05288 2.5629
379000 1.41302 2.42515 2.01334 2.52576 1.98946 2.4947
380000 3.01842 3.36827 2.03475 2.53237 2.04475 2.55976
381000 1.20836 1.84481 1.98709 2.50245 1.98702 2.50318
382000 2.73384 3.30588 2.01315 2.56494 2.00209 2.49972
383000 1.81942 1.84923 1.97476 2.46101 1.97749 2.50315
384000 2.29603 2.46332 2.09857 2.57026 2.07338 2.57438
385000 2.7584 3.35021 2.06602 2.53086 2.03463 2.5411
386000 2.54945 2.9655 1.98892 2.49104 2.05955 2.55806
387000 0.412475 0.898816 2.0394 2.54184 2.00509 2.50787
388000 0.943236 1.57605 1.97092 2.511 2.07043 2.57439
389000 1.12279 1.18092 2.14449 2.64918 2.09451 2.59694
390000 0.62913 1.98544 1.9816 2.5441 2.01923 2.54267
391000 4.09899 4.2066 1.8991 2.37444 1.90206 2.40098
392000 3.53017 3.58131 2.03295 2.49073 2.00417 2.45672
393000 1.05899 1.51359 2.00096 2.53745 1.98571 2.50221
394000 2.13641 2.19832 1.99054 2.47435 1.99317 2.51972
395000 1.17133 2.38365 2.06951 2.58289 2.02515 2.50835
396000 2.17229 3.66492 2.02825 2.51393 2.01753 2.49733
397000 1.79316 1.93683 1.95047 2.44748 1.9794 2.4951
398000 2.47356 2.73456 1.93722 2.43176 1.92002 2.43355
399000 1.55326 2.19271 2.00628 2.49734 2.03646 2.54301
400000 2.78833 3.39442 2.13551 2.60326 2.05162 2.50447
401000 1.11999 1.20726 1.89757 2.35322 1.957 2.42244
402000 3.62176 4.36865 1.89376 2.39297 1.93012 2.41664
403000 1.52097 2.22592 1.90682 2.42304 1.89939 2.38812
404000 1.90987 2.08872 1.99588 2.52091 1.97324 2.48943
405000 0.793425 0.927475 1.96945 2.43285 1.95996 2.42986
406000 2.05603 2.91572 2.01188 2.5398 2.01551 2.54002
407000 2.13456 2.41246 1.90855 2.42153 1.89194 2.39553
408000 2.22009 2.23107 1.99965 2.45931 2.03499 2.50936
409000 2.28494 2.74993 2.03329 2.5063 2.01792 2.51341
410000 2.3906 2.41838 1.97671 2.46735 1.98252 2.47228
411000 2.82984 2.93189 1.95256 2.4327 1.93552 2.45641
412000 0.748168 1.07724 2.09173 2.61652 2.10984 2.62971
413000 2.77301 3.27837 2.01352 2.48651 2.00059 2.4738
414000 1.7742 2.92304 1.93752 2.43233 1.9532 2.42393
415000 1.23815 2.16669 1.93752 2.39286 1.9582 2.42198
416000 1.2259 1.717 2.048 2.51536 2.07414 2.53883
417000 1.43137 1.68028 1.92094 2.43367 1.91722 2.40955
418000 2.5899 2.99908 1.94288 2.41308 1.92366 2.41669
419000 2.21281 3.47406 2.01329 2.51293 1.99834 2.50791
420000 1.87595 2.15325 1.93475 2.43537 1.98643 2.49617
421000 2.66085 2.91665 1.98455 2.48775 1.97113 2.46385
422000 3.02466 3.39262 2.12953 2.68011 1.99143 2.52563
423000 0.540586 1.59268 1.95128 2.41925 1.96422 2.41589
424000 2.08664 3.84623 2.03104 2.50942 1.96509 2.44708
425000 3.39571 4.03319 2.01641 2.52322 1.9845 2.45516
426000 1.32901 1.63178 1.94486 2.48152 1.99249 2.52366
427000 3.36852 4.13592 1.87237 2.35419 1.89347 2.34882
428000 0.891789 1.26995 1.97196 2.44469 1.95754 2.45891
429000 1.39954 2.31072 1.94352 2.39868 1.91532 2.39725
430000 4.25545 4.76105 1.95525 2.45037 1.99834 2.49826
431000 0.532009 1.1902 1.94103 2.49373 1.95057 2.47658
432000 0.613793 0.802736 1.91615 2.43705 1.98918 2.49288
433000 2.11609 2.34477 1.96735 2.39116 1.9908 2.41647
434000 2.06227 3.16776 1.86377 2.33712 1.91986 2.39924
435000 3.498 4.21991 1.96884 2.46835 1.93791 2.44862
436000 1.47939 1.69034 1.88477 2.33311 1.97342 2.43343
437000 2.3241 4.27464 1.95578 2.4624 1.939 2.41529
438000 1.65846 2.12713 1.91967 2.40358 1.92891 2.39869
439000 2.30542 3.14176 2.06073 2.49311 1.99956 2.45237
440000 1.41048 1.44197 1.90271 2.35996 1.94513 2.4588
441000 1.11396 1.36088 1.79836 2.29075 1.85282 2.3348
442000 2.50311 3.07263 1.92606 2.40146 1.94189 2.44032
443000 1.34064 2.0667 1.97253 2.46733 1.94679 2.43601
444000 1.85602 1.97202 1.96105 2.48403 1.9046 2.40832
445000 2.70845 3.32225 1.90937 2.36973 1.89413 2.3768
446000 1.39172 1.47353 1.89562 2.36193 1.93359 2.39574
447000 2.37194 2.91772 1.93232 2.42681 1.91471 2.34241
448000 1.20562 1.62488 1.93611 2.42435 1.90028 2.39943
449000 1.66052 2.04797 2.00021 2.45577 2.02037 2.4896
450000 2.37035 2.4556 1.87612 2.31791 1.93612 2.36993
451000 2.59422 4.01124 2.00526 2.47197 1.93927 2.42886
452000 1.96751 2.07201 1.9576 2.41007 1.93857 2.39533
453000 1.79096 2.13681 1.94528 2.36747 1.90315 2.37692
454000 3.01516 3.56473 1.96224 2.4452 1.96762 2.43268
455000 0.823214 1.1895 1.94185 2.41697 1.92945 2.38547
456000 1.76936 2.7496 2.01552 2.47321 1.94173 2.43636
457000 2.69407 2.91797 1.87406 2.34485 1.87679 2.35247
458000 1.98015 2.13257 1.99091 2.45125 1.90659 2.37657
459000 0.475875 0.789909 1.80928 2.3165 1.87229 2.34015
460000 1.11675 1.21995 1.91085 2.33594 1.8789 2.31839
461000 2.57945 3.48522 1.95738 2.46223 1.93897 2.42747
462000 0.610265 0.793898 1.84612 2.28377 1.8625 2.34759
463000 1.21145 1.47659 1.73281 2.24112 1.81111 2.29274
464000 2.20494 2.6726 1.91283 2.43575 1.89627 2.40745
465000 1.77081 2.12765 1.81742 2.27246 1.84126 2.31059
466000 4.32158 4.49765 1.80458 2.22493 1.82572 2.26389
467000 2.11498 2.65258 1.97121 2.4135 1.90097 2.35525
468000 2.70458 2.9936 1.97624 2.42117 1.89031 2.35793
469000 0.762288 1.18216 1.92446 2.37241 1.96669 2.41294
470000 0.722607 1.141 1.89704 2.34669 1.92124 2.38961
471000 0.853294 1.19025 1.9225 2.45066 1.87397 2.39288
472000 1.64795 2.86565 1.92699 2.393 1.90118 2.38308
473000 2.45817 3.7454 1.89935 2.38468 1.89355 2.35634
474000 1.24772 1.28226 1.90482 2.33425 1.85873 2.31744
475000 2.55095 3.45986 1.83086 2.27285 1.83457 2.28558
476000 1.25678 1.40792 1.85897 2.32693 1.89063 2.36259
477000 1.20135 1.99718 1.87299 2.39692 1.88923 2.40583
478000 3.60552 3.6242 1.89587 2.40901 1.8812 2.37656
479000 2.07551 3.25312 1.77479 2.22258 1.75399 2.21503
480000 0.993499 1.12502 1.86354 2.3353 1.87138 2.33669
481000 1.284 1.33879 1.8144 2.32676 1.87241 2.37716
482000 1.32812 1.83568 1.85239 2.33494 1.86959 2.34823
483000 2.86002 4.03206 1.84655 2.29436 1.91362 2.35566
484000 2.20959 2.44528 1.80324 2.29054 1.82495 2.31603
485000 1.61871 2.36152 1.98567 2.46264 1.92085 2.41466
486000 1.6314 3.06839 1.80612 2.30707 1.88165 2.35324
487000 2.89569 3.00925 2.04834 2.51709 1.94754 2.44255
488000 1.29773 1.83799 1.965 2.39136 1.94299 2.37937
489000 1.95384 1.97467 1.89765 2.33174 1.87419 2.34293
490000 1.52454 2.15586 1.85469 2.36448 1.80334 2.2933
491000 0.9018 1.5345 1.82131 2.2931 1.85161 2.32597
492000 2.75366 3.48457 1.88464 2.34012 1.90089 2.34556
493000 2.49533 2.87966 1.75043 2.22981 1.74781 2.22542
494000 0.52594 1.0731 1.76963 2.21682 1.8014 2.26103
495000 1.4554 1.46087 1.86921 2.39672 1.86858 2.36483
496000 0.961849 1.64023 1.85338 2.29862 1.83736 2.28654
497000 1.50631 1.87064 1.82965 2.28475 1.83912 2.31148
498000 1.88262 1.9811 1.94127 2.37977 1.88206 2.35519
499000 1.94026 2.04345 1.84161 2.3114 1.86284 2.32826
500000 1.49231 1.57346 1.85618 2.25333 1.863 2.28607
501000 2.76661 3.57239 1.89399 2.37035 1.85547 2.31566
502000 1.39479 2.88182 1.84644 2.28134 1.8348 2.30235
503000 2.01837 3.30907 1.92642 2.34179 1.89495 2.32117
504000 1.4805 1.5684 1.87715 2.37089 1.89677 2.3714
505000 2.05929 3.56903 1.8031 2.28854 1.789 2.27986
506000 1.89141 2.23439 1.84378 2.3154 1.8627 2.32474
507000 1.65195 1.94468 1.78824 2.27304 1.81027 2.27544
508000 2.32979 2.42594 1.89803 2.35922 1.82313 2.27292
509000 1.23051 1.76239 1.81065 2.28431 1.777 2.22491
510000 1.08662 1.57456 1.8032 2.20955 1.817 2.24901
511000 1.68896 1.86428 1.86624 2.33321 1.79555 2.26603
512000 0.94366 1.12261 1.70419 2.17573 1.79605 2.2599
513000 2.37743 2.5482 1.9018 2.32583 1.84329 2.29926
514000 1.4685 1.52982 1.75845 2.19701 1.77343 2.23626
515000 1.68491 2.9192 1.90156 2.35347 1.87406 2.32028
516000 1.18921 1.9318 1.71369 2.1781 1.77182 2.23515
517000 1.91419 1.96933 1.82967 2.27345 1.83463 2.3073
518000 2.93191 2.94673 1.79028 2.2484 1.80754 2.27275
519000 1.09239 1.39978 1.77614 2.19909 1.74474 2.19941
520000 1.97345 2.34079 1.7968 2.25078 1.82279 2.29056
521000 1.55286 1.70101 1.87163 2.33614 1.83778 2.29898
522000 1.96285 2.56943 1.92252 2.40949 1.85463 2.33909
523000 1.77033 2.03909 1.74597 2.17542 1.79227 2.24435
524000 0.651865 1.35809 1.87002 2.34248 1.8514 2.31149
525000 2.06853 2.22655 1.83186 2.32134 1.8817 2.36367
526000 1.2575 1.63298 1.91447 2.3489 1.82058 2.26818
527000 3.3931 3.63516 1.78337 2.23731 1.79882 2.25476
528000 2.64795 3.81714 1.84156 2.31772 1.80562 2.26431
529000 2.5461 3.06711 1.80583 2.25793 1.81961 2.26464
530000 1.81834 2.04 1.81833 2.25724 1.75892 2.2179
531000 2.93696 2.97998 1.82453 2.28644 1.83741 2.29511
532000 2.43802 3.2497 1.72881 2.16665 1.77205 2.2178
533000 2.65789 2.86792 1.83642 2.30163 1.82464 2.27455
534000 3.04805 3.53521 1.82967 2.312 1.80743 2.2973
535000 0.696364 1.2707 1.86188 2.31362 1.90604 2.35098
536000 2.0222 3.5606 1.74511 2.22148 1.77282 2.24699
537000 2.41553 2.42984 1.72834 2.21896 1.76548 2.26423
538000 1.44425 1.94452 1.78593 2.24445 1.83159 2.2738
539000 1.79605 2.76677 1.83321 2.33196 1.80802 2.27418
540000 2.19406 2.88875 1.86113 2.37546 1.84803 2.31963
541000 2.92337 3.94012 1.87991 2.3317 1.84163 2.28214
542000 1.53642 1.66907 1.78257 2.21271 1.78768 2.23629
543000 2.20602 2.28386 1.81854 2.27307 1.79426 2.26941
544000 1.59377 3.0685 1.87947 2.28348 1.8143 2.25601
545000 2.61199 3.76443 1.90159 2.32053 1.83593 2.27318
546000 2.78998 2.98059 1.7031 2.15766 1.72159 2.16819
547000 2.49018 2.95303 1.81566 2.28305 1.81244 2.26796
548000 2.72568 3.46593 1.85621 2.31529 1.8524 2.28944
549000 1.74999 1.79784 1.79381 2.20526 1.79456 2.22456
550000 1.97826 1.98879 1.66482 2.11881 1.75609 2.21736
551000 2.08065 2.17616 1.87328 2.29257 1.85759 2.26398
552000 0.62086 1.15581 1.81604 2.26803 1.79802 2.24368
553000 1.28616 1.59957 1.84807 2.2743 1.79167 2.24178
554000 0.655632 1.53167 1.7273 2.14708 1.77505 2.22229
555000 1.44766 1.65728 1.83831 2.29798 1.80776 2.26189
556000 2.38217 2.78844 1.76035 2.21679 1.75897 2.21106
557000 3.00806 3.15075 1.77936 2.20264 1.76079 2.20272
558000 1.932 2.3313 1.76424 2.23358 1.79442 2.25037
559000 2.10777 3.06695 1.82052 2.27846 1.80828 2.25553
560000 1.78384 1.92872 1.64589 2.07219 1.68358 2.12187
561000 1.24157 2.07323 1.75771 2.26009 1.75046 2.22232
562000 1.54619 1.91366 1.71909 2.17208 1.75646 2.1957
563000 1.47282 1.51602 1.67212 2.11546 1.6985 2.14964
564000 2.81685 3.58301 1.74529 2.2337 1.77341 2.23901
565000 1.38808 1.61091 1.73001 2.16408 1.74952 2.19374
566000 1.29638 1.5173 1.85693 2.33325 1.78977 2.27289
567000 0.706319 0.785584 1.72855 2.13233 1.72912 2.12157
568000 1.47526 4.07417 1.90096 2.37455 1.81727 2.26296
569000 1.33261 1.34717 1.7182 2.19274 1.7184 2.17873
570000 1.58148 2.23995 1.76816 2.23819 1.79258 2.24071
571000 2.05974 2.55789 1.77343 2.1815 1.77503 2.19543
572000 1.0669 2.02553 1.75276 2.21642 1.73093 2.1486
573000 1.21999 1.51105 1.7986 2.24381 1.76931 2.21577
574000 1.64968 1.88793 1.81304 2.26592 1.801 2.24772
575000 1.13913 1.50692 1.67752 2.14416 1.73802 2.17425
576000 1.88271 2.0205 1.80173 2.23283 1.76906 2.18689
577000 1.64784 2.56207 1.76693 2.18422 1.76781 2.173
578000 4.56497 4.67243 1.72727 2.17609 1.69991 2.15066
579000 1.56858 2.36363 1.68568 2.10411 1.73622 2.16081
580000 2.31238 2.38635 1.74883 2.18052 1.73771 2.19122
581000 0.550975 0.836642 1.74045 2.16839 1.77998 2.202
582000 1.16716 1.59123 1.7186 2.15672 1.73391 2.19557
583000 2.63322 3.84079 1.74393 2.24473 1.76437 2.21389
584000 1.88959 1.96392 1.69921 2.10611 1.74306 2.16445
585000 1.78226 1.92863 1.77147 2.19506 1.75025 2.2045
586000 1.20534 1.5474 1.73693 2.1687 1.74025 2.13756
587000 2.30118 2.37071 1.69845 2.17175 1.75993 2.19138
588000 1.49717 2.91384 1.77075 2.21017 1.77262 2.20951
589000 0.826899 1.34701 1.65652 2.08586 1.71628 2.13338
590000 1.65467 1.78096 1.80795 2.19579 1.78783 2.21284
591000 2.0888 2.86712 1.776 2.23503 1.71909 2.15182
592000 2.40022 2.61033 1.74818 2.1756 1.70997 2.13728
593000 2.42967 2.76497 1.78414 2.20695 1.76006 2.18721
594000 1.24129 1.50201 1.76154 2.2126 1.76385 2.20493
595000 0.658744 0.73403 1.79197 2.17343 1.77362 2.17728
596000 1.3431 1.34806 1.69629 2.14865 1.71906 2.1549
597000 1.66291 2.40042 1.8614 2.33925 1.78614 2.23953
598000 0.686832 1.21071 1.71748 2.16289 1.75738 2.21631
599000 2.15154 2.49984 1.82224 2.27797 1.78975 2.24715
600000 1.02287 1.52468 1.73504 2.17963 1.78412 2.22337
601000 1.52265 2.31907 1.69794 2.08894 1.75921 2.15288
602000 1.72888 2.60991 1.66004 2.14701 1.73133 2.19858
603000 0.995513 1.06049 1.74498 2.20423 1.72694 2.18175
604000 1.46668 1.70984 1.803 2.23186 1.72554 2.16034
605000 1.3402 2.6859 1.65726 2.12042 1.72838 2.17279
606000 2.61621 2.86161 1.65299 2.08702 1.68869 2.13919
607000 1.46727 1.51947 1.68707 2.08457 1.67639 2.12271
608000 0.733381 0.797746 1.78968 2.22294 1.80161 2.2477
609000 1.46146 1.89362 1.68969 2.06593 1.71987 2.13443
610000 1.19601 2.65 1.78565 2.2462 1.73083 2.15472
611000 1.46014 1.90519 1.79137 2.19362 1.7604 2.18564
612000 2.94174 3.68911 1.77563 2.17915 1.76554 2.17296
613000 0.607644 0.954579 1.84165 2.31139 1.78314 2.24473
614000 2.35974 3.07118 1.78967 2.24793 1.79362 2.24515
615000 3.10903 4.64811 1.71923 2.14451 1.72554 2.15687
616000 1.86842 2.05717 1.69443 2.1391 1.68157 2.10261
617000 1.21205 1.56055 1.67624 2.13083 1.74075 2.17989
618000 1.36225 1.43574 1.71988 2.18149 1.66054 2.11909
619000 1.93473 2.08872 1.82441 2.24564 1.81312 2.23464
620000 1.43284 2.01352 1.80803 2.2329 1.72552 2.16686
621000 1.89277 2.61639 1.64276 2.09809 1.63859 2.092
622000 0.860346 1.19518 1.71443 2.15147 1.73828 2.16657
623000 2.67745 3.13381 1.80514 2.22888 1.78128 2.22391
624000 1.58268 1.92689 1.67294 2.07947 1.67552 2.08727
625000 0.80612 0.927942 1.71097 2.19227 1.72987 2.17698
626000 0.634987 1.02533 1.7114 2.1138 1.7376 2.16101
627000 2.54981 2.91945 1.7016 2.12087 1.70546 2.09616
628000 1.41743 1.61516 1.73231 2.18709 1.68988 2.12355
629000 2.74778 3.04898 1.73746 2.16697 1.72352 2.13966
630000 2.06659 2.70205 1.7611 2.21353 1.71254 2.13639
631000 2.62651 3.15472 1.74101 2.1575 1.71443 2.13791
632000 1.61392 1.818 1.74852 2.13201 1.73071 2.14781
633000 2.67411 3.58727 1.74794 2.22708 1.72743 2.15308
634000 1.73056 2.31005 1.70863 2.13863 1.71608 2.13405
635000 2.56916 3.57851 1.69084 2.08995 1.73699 2.14571
636000 1.72707 2.35074 1.69181 2.19273 1.69347 2.15516
637000 2.60446 3.88071 1.63441 2.06844 1.67014 2.09188
638000 0.981393 1.34335 1.66331 2.06037 1.70928 2.11012
639000 2.92542 3.46877 1.66859 2.07417 1.65078 2.0582
640000 2.50837 2.77155 1.60669 2.04727 1.65515 2.09745
641000 0.548194 1.29686 1.65775 2.04883 1.69371 2.08166
642000 1.65829 2.27157 1.74062 2.21722 1.75828 2.20587
643000 1.67512 2.33174 1.84392 2.22055 1.82801 2.23519
644000 2.14922 2.2788 1.78096 2.16567 1.6966 2.09948
645000 1.4038 1.79566 1.64455 2.09421 1.65192 2.10735
646000 3.62787 4.23865 1.62335 2.08207 1.68617 2.12386
647000 1.3986 1.68296 1.73025 2.0646 1.75853 2.1257
648000 1.74332 2.31274 1.71876 2.15427 1.63028 2.05668
649000 1.68325 2.0666 1.67165 2.07842 1.70963 2.10723
650000 1.9041 2.46505 1.71198 2.12851 1.7062 2.12632
651000 1.25018 1.67549 1.74369 2.1423 1.67834 2.08217
652000 1.73939 2.09491 1.68567 2.14056 1.65282 2.10717
653000 2.388 2.41548 1.69683 2.12288 1.64667 2.06143
654000 1.01688 1.32859 1.69273 2.08096 1.76722 2.16842
655000 2.45412 2.57607 1.61581 2.03354 1.61079 2.02943
656000 1.46285 1.48065 1.75992 2.17932 1.70696 2.12439
657000 2.06304 2.72152 1.70019 2.15336 1.71507 2.18095
658000 1.55263 2.08174 1.56353 2.00834 1.61687 2.05672
659000 2.42498 3.02853 1.86408 2.27662 1.80939 2.2289
660000 2.95979 3.17264 1.69289 2.12451 1.70743 2.13248
661000 1.72548 2.52966 1.7348 2.12046 1.66919 2.08481
662000 1.24363 1.56358 1.64484 2.06692 1.68919 2.09905
663000 2.64931 4.49604 1.69278 2.17256 1.68197 2.15059
664000 1.11109 1.43254 1.66644 2.09371 1.67639 2.09702
665000 2.20039 2.33697 1.63823 2.1003 1.65793 2.09543
666000 0.92745 1.49308 1.61271 2.0403 1.67109 2.1033
667000 1.4655 1.54282 1.68447 2.11713 1.70994 2.13431
668000 3.42759 3.67599 1.71055 2.08231 1.70126 2.08515
669000 1.68599 2.78256 1.67023 2.08924 1.65085 2.0608
670000 1.17199 1.28911 1.70972 2.13126 1.73873 2.17475
671000 2.16319 2.73595 1.639 2.06898 1.68637 2.12241
672000 0.38686 1.10908 1.77812 2.21941 1.741 2.1629
673000 3.31976 3.80214 1.72952 2.13534 1.66908 2.07368
674000 1.91861 2.65559 1.69681 2.06855 1.73807 2.12063
675000 2.62608 2.77448 1.75817 2.11606 1.68302 2.04817
676000 1.61276 1.88369 1.67419 2.09979 1.66745 2.09465
677000 1.56198 1.88828 1.68666 2.11105 1.65179 2.04955
678000 1.39107 1.67476 1.65308 2.08427 1.71208 2.12702
679000 0.995105 1.27004 1.72509 2.11196 1.70127 2.08987
680000 1.50182 1.55923 1.7042 2.10842 1.6737 2.07422
681000 2.33749 2.3867 1.86132 2.27587 1.75345 2.18183
682000 0.455249 0.811581 1.62954 2.07204 1.63115 2.05839
683000 1.65144 1.70018 1.66572 2.05397 1.65623 2.04787
684000 1.24844 1.4498 1.70884 2.12841 1.64109 2.05123
685000 1.95519 2.6155 1.71652 2.15155 1.68966 2.12149
686000 2.68871 2.75055 1.75274 2.1113 1.72119 2.09189
687000 0.400761 2.5086 1.62635 2.04631 1.68367 2.08737
688000 2.0375 3.09632 1.5924 2.02093 1.60473 2.03167
689000 2.53712 2.8637 1.64219 2.07523 1.65077 2.06109
690000 3.14437 3.79986 1.62226 2.04851 1.62031 2.05946
691000 1.68926 2.21814 1.74265 2.18658 1.67814 2.12449
692000 1.94276 1.9657 1.67741 2.0653 1.65534 2.0498
693000 1.65846 1.91015 1.63302 2.02206 1.6259 2.01536
694000 1.82824 1.84284 1.76493 2.18819 1.68859 2.10668
695000 1.50989 1.87835 1.63726 2.01703 1.64176 2.02324
696000 1.38848 1.56438 1.69069 2.10499 1.6989 2.1158
697000 2.76408 2.77994 1.71868 2.1169 1.67195 2.0905
698000 1.07589 1.11852 1.63151 2.08482 1.62244 2.07168
699000 1.1652 1.30987 1.58941 2.00545 1.65204 2.07429
700000 2.89417 3.13501 1.58782 2.04762 1.61573 2.04083
701000 0.672981 1.76409 1.70821 2.09506 1.68568 2.07365
702000 2.97286 3.07097 1.63472 2.03705 1.59353 2.00781
703000 1.01254 1.14041 1.71641 2.14602 1.67985 2.11758
704000 1.85779 3.01018 1.65963 2.05475 1.69037 2.09021
705000 1.60382 1.78898 1.65264 2.07778 1.65926 2.09301
706000 1.96332 3.32362 1.69379 2.10504 1.68763 2.07903
707000 2.05833 2.11591 1.58869 2.0043 1.62683 2.02036
708000 3.61153 3.68324 1.59892 2.00847 1.64509 2.06318
709000 0.7912 0.964636 1.62885 2.06421 1.68474 2.09717
710000 1.82638 2.00901 1.63666 2.04333 1.65909 2.07422
711000 0.50868 0.963495 1.60009 2.03978 1.60519 2.04674
712000 1.14865 1.2438 1.68061 2.08466 1.62785 2.04204
713000 1.96912 2.02326 1.6493 2.07962 1.66659 2.08971
714000 1.75306 2.60877 1.66574 2.07843 1.59647 1.9983
715000 1.88297 1.88585 1.71983 2.12819 1.70178 2.10578
716000 2.15456 2.86847 1.67992 2.03878 1.62252 2.01626
717000 2.32663 3.86446 1.66448 2.09349 1.66478 2.09981
718000 0.652393 1.12856 1.72177 2.10099 1.69903 2.09683
719000 1.0638 1.95978 1.63025 2.04533 1.64497 2.06834
720000 2.02181 2.15232 1.58951 2.01915 1.62004 2.05209
721000 1.85235 1.89723 1.60517 2.03682 1.61932 2.00861
722000 1.23047 1.47332 1.5637 1.95616 1.6156 2.02462
723000 2.14831 2.18031 1.58907 2.00597 1.64261 2.06819
724000 0.596742 0.639428 1.5811 1.97629 1.59402 2.00324
725000 1.92612 2.14359 1.66953 2.08264 1.61632 2.02896
726000 1.24295 1.76363 1.67554 2.04623 1.62452 1.98872
727000 0.414016 1.0401 1.63684 2.03854 1.62857 2.02797
728000 2.44212 2.58595 1.57891 1.99547 1.55507 1.96645
729000 1.28769 1.64711 1.68661 2.08342 1.62159 2.01582
730000 0.725218 0.97755 1.64334 2.04272 1.6272 2.03744
731000 1.3338 1.7151 1.6463 2.06105 1.59338 2.01172
732000 1.51069 1.69041 1.6577 2.02454 1.68162 2.05902
733000 1.02147 1.24452 1.59781 2.00708 1.61343 2.02036
734000 2.23306 2.578 1.62283 2.03549 1.62211 2.03943
735000 3.5 4.49623 1.67963 2.09553 1.65173 2.06484
736000 1.7435 2.51153 1.56908 1.98544 1.57459 1.98622
737000 0.917273 2.14689 1.69462 2.09087 1.62676 2.01946
738000 1.92117 2.32586 1.66237 2.04881 1.6629 2.0453
739000 2.08808 2.30711 1.63441 2.07161 1.64599 2.07022
740000 0.589711 0.788618 1.57218 1.9747 1.60859 2.01779
741000 2.00348 2.43079 1.69802 2.10594 1.6561 2.06863
742000 3.27856 4.13767 1.63894 2.00945 1.65478 2.04893
743000 2.36282 2.973 1.61793 1.96728 1.59902 1.96354
744000 1.12202 1.45199 1.71758 2.11001 1.67461 2.07013
745000 1.60904 2.29429 1.59272 2.01701 1.59616 2.01377
746000 1.20143 1.7692 1.5896 1.98367 1.61757 2.01257
747000 0.968713 1.12213 1.61105 1.96907 1.64329 2.00477
748000 1.38926 1.653 1.61145 1.97273 1.59005 1.95968
749000 3.11032 3.26096 1.70878 2.17761 1.67847 2.10918
750000 3.17136 3.37798 1.58302 1.97945 1.62249 2.01891
751000 3.422 3.52323 1.65089 2.04716 1.65147 2.06525
752000 0.776484 0.995691 1.68435 2.07061 1.66571 2.05215
753000 1.46961 1.6722 1.58099 2.00699 1.60316 2.02608
754000 0.868937 1.2734 1.56811 1.97202 1.617 2.02021
755000 1.92546 2.17789 1.61711 2.03397 1.61169 2.04135
756000 2.80883 3.22463 1.58561 1.97694 1.62283 2.0196
757000 2.52024 2.60744 1.57322 1.95557 1.55917 1.94246
758000 1.46372 1.53432 1.67178 2.08453 1.63008 2.04566
759000 3.38166 3.50101 1.6176 2.03488 1.57956 1.99085
760000 1.34857 1.81112 1.59103 1.94315 1.59753 1.96379
761000 2.38561 2.41085 1.70408 2.07141 1.6559 2.04977
762000 1.65863 1.91654 1.50804 1.89897 1.57743 1.9839
763000 1.45644 1.73658 1.60844 2.02197 1.61912 2.02482
764000 2.27431 2.59908 1.6997 2.08421 1.67214 2.06858
765000 0.989065 1.35533 1.61788 2.01415 1.63799 2.00339
766000 0.392259 0.844556 1.62499 2.00218 1.59682 1.98219
767000 1.27269 1.28175 1.64535 2.06991 1.6577 2.06326
768000 0.616791 1.00971 1.63996 2.02585 1.62809 2.0263
769000 1.37059 1.53609 1.53518 1.97425 1.57326 2.01265
770000 1.254 1.369 1.63802 2.00794 1.62543 2.00696
771000 1.331 1.79817 1.54281 1.91105 1.59153 1.94519
772000 1.50141 1.74997 1.61126 2.00781 1.61912 2.03671
773000 1.00413 1.20934 1.6165 1.99139 1.64417 2.03468
774000 1.7433 2.01329 1.59197 1.98724 1.6049 1.99003
775000 1.24047 1.73461 1.73037 2.11304 1.66357 2.05492
776000 0.34835 1.03182 1.59422 2.01303 1.57735 2.01142
777000 2.12403 2.48727 1.61735 1.99754 1.58301 1.97248
778000 0.930759 0.941673 1.6156 2.00421 1.60346 1.99362
779000 1.63657 1.82395 1.49341 1.88679 1.56372 1.96337
780000 2.36931 2.53881 1.51079 1.91961 1.53188 1.94079
781000 1.86071 2.46813 1.60152 2.00578 1.58854 1.97948
782000 0.749122 2.06915 1.54649 1.92116 1.52697 1.89953
783000 1.291 1.57801 1.60876 2.00157 1.58676 2.0053
784000 1.51867 1.99353 1.56594 1.96257 1.59306 1.96663
785000 2.34288 2.49721 1.56702 1.96169 1.5859 1.99654
786000 2.08271 2.36977 1.58688 2.00621 1.60115 1.99444
787000 1.20306 1.54536 1.58356 1.97983 1.5931 1.98412
788000 1.2861 1.64296 1.58541 1.95415 1.60988 1.99486
789000 0.825296 1.59044 1.58665 1.99343 1.55889 1.94483
790000 1.19891 1.36055 1.63006 2.02564 1.63637 2.01772
791000 2.35063 2.89462 1.57664 2.00099 1.6002 2.02227
792000 1.4066 1.48823 1.64034 2.02695 1.59668 2.00156
793000 0.984352 1.27191 1.53481 1.90688 1.6034 1.97619
794000 2.32277 2.73213 1.57398 1.93012 1.56754 1.93877
795000 1.85607 2.21112 1.57886 2.02038 1.59775 2.00977
796000 1.06105 1.22584 1.63181 2.02011 1.62443 2.01503
797000 0.637359 1.3597 1.58317 1.95597 1.59243 1.97384
798000 3.11764 3.26464 1.62381 2.04611 1.60638 2.03033
799000 1.7414 2.10427 1.6335 2.01619 1.60217 1.9945
800000 1.91187 1.93588 1.55677 1.96078 1.57834 1.9764
801000 1.83593 2.08712 1.5557 2.00752 1.56773 1.99207
802000 1.28038 1.69693 1.65647 2.03574 1.63439 2.03651
803000 2.06922 2.36394 1.60195 2.02138 1.59281 1.99855
804000 0.813197 1.11362 1.54124 1.95552 1.55086 1.9548
805000 1.51802 2.08676 1.58378 1.96164 1.56564 1.94515
806000 0.905581 1.05754 1.54758 1.95841 1.5012 1.90769
807000 1.6046 1.89791 1.60476 2.01303 1.55336 1.97453
808000 1.19875 1.61973 1.59333 2.02625 1.55712 1.96898
809000 1.87378 2.12726 1.5642 1.93561 1.57213 1.9647
810000 3.47246 3.73735 1.61553 2.03342 1.56965 1.98671
811000 1.15094 1.41261 1.55753 1.96826 1.55477 1.96768
812000 2.77175 2.80246 1.5935 1.97944 1.57818 1.96403
813000 0.888243 1.0176 1.63097 1.99412 1.58908 1.97936
814000 1.47852 1.71093 1.64849 2.04191 1.60337 2.01629
815000 0.886665 1.02396 1.56373 1.94998 1.61087 1.99551
816000 2.87112 2.88207 1.59426 2.00112 1.57208 1.97634
817000 1.00423 1.28882 1.57648 1.99094 1.58928 1.98828
818000 1.27763 1.28674 1.6249 1.96602 1.57986 1.95344
819000 0.950513 1.03796 1.43501 1.82705 1.52581 1.93718
820000 3.23928 4.22207 1.62123 2.01589 1.61508 2.00234
821000 1.13153 1.27118 1.51553 1.91533 1.57246 1.96227
822000 2.50761 3.48357 1.61222 2.01193 1.55347 1.96371
823000 2.22827 2.26282 1.57503 1.96555 1.58117 1.96483
824000 2.00508 2.01363 1.53095 1.90467 1.62952 2.00388
825000 1.66199 2.05258 1.61693 1.9749 1.57925 1.95268
826000 1.38524 1.43809 1.56628 1.90426 1.56038 1.93743
827000 2.18475 2.89117 1.66223 2.0477 1.59267 1.97837
828000 1.35293 1.46876 1.49227 1.88789 1.50751 1.90878
829000 3.70112 3.7329 1.53499 1.93943 1.56097 1.96113
830000 1.151 2.11311 1.59181 1.96721 1.6111 1.99331
831000 2.73742 3.5202 1.64422 2.01974 1.5944 1.96892
832000 1.10856 1.22963 1.56778 1.95047 1.55711 1.93175
833000 2.53984 3.20614 1.50776 1.89589 1.55033 1.91885
834000 0.918198 1.93344 1.57877 1.95598 1.60644 1.95965
835000 2.13213 2.74465 1.58992 1.94082 1.54963 1.90794
836000 0.6286 0.895174 1.54775 1.91481 1.54741 1.9282
837000 1.22734 1.55281 1.64472 2.02815 1.60027 1.96262
838000 1.63165 2.3474 1.56643 1.94228 1.56512 1.94036
839000 0.91472 1.45857 1.555 1.90532 1.55927 1.9157
840000 0.604942 0.963019 1.53027 1.90314 1.56021 1.93466
841000 0.815149 1.47827 1.55913 1.93333 1.57136 1.95017
842000 2.53487 2.60377 1.75573 2.09223 1.6969 2.04793
843000 1.02378 1.70001 1.50925 1.89946 1.5335 1.9037
844000 1.97074 1.97176 1.51468 1.86364 1.52914 1.89845
845000 1.63903 2.35635 1.59655 1.97217 1.53656 1.92846
846000 1.51864 1.62352 1.56664 1.96721 1.54135 1.93257
847000 1.49968 1.51357 1.59508 2.0264 1.56705 1.96698
848000 1.64224 1.74418 1.59419 1.96738 1.56065 1.95255
849000 3.30372 3.42919 1.62525 2.03645 1.55417 1.96982
850000 0.518024 0.60746 1.4392 1.78945 1.43865 1.81314
851000 1.21067 1.78891 1.49001 1.89727 1.53678 1.94899
852000 1.23615 2.13606 1.50137 1.8716 1.49375 1.8873
853000 0.942172 0.949969 1.55779 1.95554 1.54984 1.94625
854000 2.21258 2.44969 1.53524 1.91492 1.52127 1.9005
855000 0.658653 1.17309 1.48732 1.86049 1.53745 1.92703
856000 1.09767 1.10558 1.54227 1.88679 1.54225 1.90749
857000 1.6262 1.7069 1.63417 2.02781 1.56184 1.96588
858000 0.933509 1.89128 1.56765 1.96497 1.53893 1.93445
859000 0.380673 0.398248 1.53295 1.95216 1.59956 2.01666
860000 2.72256 2.72616 1.52024 1.89477 1.56455 1.94108
861000 1.2551 2.58394 1.62853 1.98345 1.63315 2.00915
862000 2.12522 2.16423 1.56345 1.92628 1.50519 1.89952
863000 1.51834 2.00546 1.58391 1.98311 1.55461 1.93313
864000 1.91874 2.14461 1.63397 1.98652 1.61604 1.983
865000 1.9324 2.14679 1.55405 1.97643 1.57806 1.99056
866000 1.54473 1.64364 1.46156 1.80194 1.50598 1.86188
867000 1.99037 2.9916 1.5637 1.94428 1.54003 1.92536
868000 1.4227 1.70431 1.57948 1.93227 1.57794 1.94886
869000 2.02093 2.06626 1.50914 1.84123 1.57315 1.92282
870000 0.535587 0.5475 1.55648 1.91524 1.53914 1.92244
871000 0.998089 1.36463 1.58637 1.98854 1.57323 1.97704
872000 2.13438 2.39811 1.59164 1.95257 1.5256 1.91052
873000 2.03531 2.24949 1.46912 1.86647 1.49161 1.8826
874000 1.33772 1.3838 1.45091 1.83716 1.46702 1.84822
875000 1.62402 2.44765 1.60448 2.00345 1.57781 1.95932
876000 1.47586 1.93677 1.53551 1.86498 1.56519 1.9033
877000 0.701724 0.996137 1.53786 1.89672 1.55541 1.9058
878000 1.89711 1.90703 1.54098 1.93081 1.53587 1.9421
879000 2.88801 2.95778 1.59566 1.95137 1.55924 1.93055
880000 1.85116 2.20253 1.52716 1.94278 1.54168 1.94944
881000 1.01239 1.04322 1.58993 1.93292 1.56021 1.91499
882000 0.593154 0.695664 1.54404 1.9386 1.57281 1.96969
883000 1.08083 2.23053 1.52076 1.93819 1.51233 1.91324
884000 1.39187 1.52856 1.52297 1.88696 1.5452 1.91472
885000 0.748949 0.947618 1.50741 1.84896 1.52248 1.88461
886000 1.21307 1.59735 1.56149 1.90143 1.57909 1.94224
887000 1.86931 2.73966 1.58412 1.96166 1.56136 1.94539
888000 1.03149 1.05205 1.51413 1.9076 1.50065 1.89346
889000 2.11966 2.26502 1.48947 1.8251 1.49498 1.85862
890000 1.13539 1.52407 1.44291 1.83997 1.49446 1.9032
891000 1.02979 1.4903 1.57047 1.93314 1.55605 1.91571
892000 0.864707 1.82518 1.42386 1.82235 1.50874 1.86621
893000 1.75854 2.30903 1.48686 1.86579 1.48555 1.87926
894000 1.24012 1.42557 1.51647 1.91156 1.56147 1.95123
895000 2.27607 2.71598 1.4758 1.83665 1.46953 1.83275
896000 1.64954 1.87023 1.58156 1.96877 1.52838 1.92731
897000 1.30451 2.07329 1.50068 1.90265 1.53293 1.90685
898000 1.05752 1.63886 1.45078 1.8696 1.48443 1.8918
899000 3.15833 3.30819 1.53152 1.91289 1.53078 1.91304
900000 1.37484 1.70782 1.53166 1.87048 1.54079 1.90194
901000 2.69456 2.77926 1.53081 1.88828 1.52639 1.89845
902000 2.30314 2.39217 1.50698 1.83539 1.50006 1.86862
903000 1.13479 1.73164 1.46292 1.86113 1.49324 1.8928
904000 1.96825 2.07858 1.45465 1.83373 1.4837 1.88399
905000 1.40801 1.44151 1.49282 1.86983 1.54635 1.92127
906000 1.43497 2.06976 1.45812 1.80474 1.48749 1.83726
907000 2.13336 2.29982 1.48181 1.88359 1.49745 1.88669
908000 2.11239 2.76028 1.45151 1.83516 1.50785 1.88142
909000 1.11499 1.767 1.49808 1.9238 1.49373 1.8863
910000 2.18256 2.40707 1.46359 1.83747 1.4936 1.8875
911000 3.3944 4.6066 1.53905 1.94032 1.53945 1.92434
912000 1.64592 1.69991 1.54393 1.88374 1.52002 1.8488
913000 1.51771 2.04147 1.56037 1.95272 1.52012 1.9098
914000 1.30873 1.53259 1.54904 1.92792 1.51518 1.89198
915000 1.35704 1.38469 1.54606 1.90286 1.51859 1.88771
916000 1.03961 1.93006 1.46713 1.86443 1.50371 1.88937
917000 1.95081 1.96316 1.47309 1.83774 1.5238 1.88126
918000 0.723008 1.37769 1.51196 1.88299 1.51992 1.89192
919000 1.55663 1.83742 1.51519 1.90788 1.52349 1.91398
920000 1.20467 1.33666 1.51823 1.85578 1.54265 1.90664
921000 1.42764 1.77494 1.41965 1.78764 1.46851 1.84508
922000 1.10321 1.10748 1.4822 1.85303 1.49914 1.8723
923000 1.06048 1.10274 1.45821 1.85631 1.46676 1.83659
924000 1.09475 1.73361 1.49893 1.84995 1.50656 1.87661
925000 1.30109 1.30152 1.47537 1.8462 1.49782 1.86739
926000 1.44252 1.99472 1.47793 1.80712 1.49184 1.84198
927000 1.37817 1.56807 1.50814 1.89987 1.48474 1.8658
928000 0.692748 0.698338 1.49773 1.84608 1.51592 1.87852
929000 1.99497 2.00841 1.55261 1.94234 1.51873 1.89895
930000 1.24225 2.39415 1.47542 1.87761 1.44843 1.83984
931000 1.46372 1.81557 1.58873 1.99825 1.55496 1.93779
932000 1.94398 2.01506 1.43754 1.76937 1.46116 1.80415
933000 0.389107 1.28072 1.47045 1.85007 1.4741 1.86165
934000 0.716477 2.1701 1.56696 1.90995 1.52222 1.86502
935000 1.89451 2.70192 1.56122 1.94808 1.51062 1.88172
936000 1.06143 1.36165 1.48291 1.83341 1.45445 1.82433
937000 0.81648 1.09297 1.41222 1.75798 1.50826 1.85589
938000 1.63112 2.59972 1.52156 1.91309 1.54679 1.91224
939000 2.56311 2.60392 1.56324 1.88459 1.54168 1.91332
940000 0.920847 1.50491 1.43054 1.80104 1.47163 1.85487
941000 1.06574 1.26965 1.53746 1.87736 1.51556 1.8794
942000 0.586208 0.681653 1.50056 1.84312 1.4802 1.83467
943000 0.822053 0.870008 1.52125 1.88494 1.52806 1.88033
944000 1.66052 2.3442 1.58973 1.9726 1.57974 1.96162
945000 1.69654 2.44834 1.50758 1.86913 1.50087 1.86823
946000 1.78599 2.02742 1.59397 1.94758 1.52457 1.88103
947000 1.62434 1.77128 1.53003 1.89534 1.50222 1.88265
948000 1.96271 2.72592 1.52593 1.94102 1.46216 1.84348
949000 1.00767 2.33772 1.51229 1.89186 1.52469 1.90329
950000 0.983909 1.00175 1.42618 1.8272 1.43249 1.81935
951000 1.1888 1.46085 1.48721 1.86102 1.50955 1.87965
952000 2.11757 2.12483 1.53775 1.89417 1.50875 1.85823
953000 3.32172 3.3364 1.54034 1.90514 1.51104 1.89702
954000 1.08329 1.7766 1.49455 1.89659 1.49227 1.8767
955000 1.72162 1.89998 1.52177 1.88031 1.50002 1.85775
956000 0.332176 0.441897 1.40099 1.79192 1.4426 1.82926
957000 1.28844 1.28968 1.57823 1.95025 1.5075 1.88788
958000 1.77306 1.865 1.45134 1.8007 1.47683 1.82489
959000 2.18301 2.51741 1.53387 1.91047 1.50855 1.89503
960000 1.43809 1.49919 1.48744 1.82925 1.50991 1.85776
961000 1.26287 1.38487 1.46768 1.76955 1.48905 1.81957
962000 0.644459 0.720391 1.47783 1.88313 1.47269 1.85731
963000 1.3897 1.57924 1.48445 1.88302 1.45179 1.82344
964000 0.81298 1.05947 1.46993 1.88819 1.48087 1.87245
965000 0.920254 1.84875 1.42731 1.79272 1.45906 1.82433
966000 1.93916 2.46182 1.44457 1.79789 1.50806 1.85721
967000 0.97587 1.20949 1.5356 1.91279 1.48003 1.86021
968000 1.81406 2.2098 1.42983 1.79575 1.44342 1.83791
969000 1.63273 1.8104 1.4258 1.81425 1.41566 1.78984
970000 0.575544 0.834974 1.47885 1.87136 1.5163 1.88627
971000 0.690513 0.715688 1.51877 1.88228 1.51203 1.86731
972000 0.705681 1.56428 1.45664 1.84022 1.45673 1.83411
973000 1.0532 1.88588 1.53763 1.87249 1.52688 1.87023
974000 0.504071 0.659792 1.45434 1.82345 1.46432 1.84642
975000 0.310002 0.955493 1.37524 1.76232 1.44697 1.78899
976000 0.698293 1.5814 1.51135 1.85205 1.47186 1.82789
977000 0.858088 1.67331 1.44469 1.81886 1.49007 1.84654
978000 1.94769 2.25719 1.41734 1.82193 1.45054 1.81707
979000 2.65445 3.10848 1.57785 1.94595 1.50178 1.86208
980000 3.06467 3.28207 1.50982 1.85161 1.48455 1.82587
981000 0.260166 0.270704 1.49463 1.85644 1.50671 1.84839
982000 1.49518 1.51853 1.49266 1.82396 1.46858 1.80727
983000 0.947193 1.13854 1.44109 1.80507 1.49007 1.85363
984000 0.953127 1.24673 1.36443 1.74602 1.40898 1.77029
985000 0.540709 1.26895 1.38526 1.78797 1.44489 1.83446
986000 0.722127 0.871345 1.4547 1.82787 1.47961 1.84633
987000 0.807356 0.85877 1.44852 1.83353 1.47954 1.83743
988000 1.06176 1.79802 1.45655 1.82426 1.45265 1.8061
989000 0.811717 0.957639 1.43582 1.81723 1.47412 1.85184
990000 1.14103 1.45665 1.55798 1.93736 1.52822 1.90824
991000 1.15431 2.26593 1.46899 1.81961 1.44933 1.80564
992000 2.8344 2.83701 1.50332 1.86006 1.48633 1.8387
993000 0.85068 1.07777 1.50498 1.86902 1.49573 1.8689
994000 1.57308 1.67138 1.47041 1.85668 1.50382 1.87733
995000 2.21637 2.58797 1.45631 1.78883 1.48927 1.82749
996000 1.86895 1.87137 1.46801 1.82523 1.44315 1.81326
997000 0.819377 2.07099 1.4758 1.82061 1.50914 1.86895
998000 1.54318 1.68106 1.54138 1.89524 1.49178 1.86125
999000 0.812694 1.32879 1.37317 1.73818 1.44938 1.80916
1000000 0.597317 1.36531 1.39095 1.73894 1.44051 1.80016
1001000 2.59724 3.57831 1.39256 1.77518 1.40485 1.77789
1002000 0.985475 1.27529 1.41822 1.81503 1.47576 1.84393
1003000 2.34368 2.47264 1.52542 1.88135 1.49445 1.85921
1004000 2.53516 2.97263 1.49533 1.85199 1.45552 1.82426
1005000 0.934357 1.10637 1.53039 1.8789 1.53024 1.87158
1006000 1.03035 1.05535 1.44958 1.78304 1.46737 1.81276
1007000 1.40576 1.73336 1.3777 1.73104 1.399 1.75751
1008000 1.048 1.4422 1.43824 1.78562 1.44132 1.78978
1009000 2.25867 2.28692 1.50805 1.84782 1.46805 1.83036
1010000 0.823424 1.07884 1.44272 1.83713 1.45104 1.83773
1011000 1.18179 2.82631 1.44571 1.82222 1.46393 1.81364
1012000 1.08676 1.72523 1.48369 1.86966 1.49157 1.88171
1013000 1.04356 1.61111 1.53081 1.8618 1.47524 1.81954
1014000 0.309373 1.02512 1.48665 1.8676 1.49992 1.83687
1015000 2.76106 2.76768 1.44343 1.78289 1.44677 1.80929
1016000 0.999777 1.75207 1.39111 1.77326 1.44372 1.84362
1017000 0.880899 1.6836 1.39553 1.8078 1.46091 1.82966
1018000 1.39068 1.82216 1.40132 1.79518 1.46799 1.86816
1019000 1.20159 1.25921 1.4045 1.78793 1.43994 1.82219
1020000 0.366857 0.836281 1.4283 1.80044 1.44127 1.8229
1021000 1.79295 2.77615 1.43218 1.82182 1.44517 1.83029
1022000 1.82686 2.23429 1.48011 1.79948 1.45689 1.81002
1023000 1.84677 2.13684 1.51634 1.89869 1.47103 1.86322
1024000 1.23556 1.56427 1.52701 1.9019 1.46435 1.82828
1025000 0.8122 0.842893 1.40187 1.73514 1.45969 1.79447
1026000 0.914198 1.55846 1.45857 1.81667 1.43749 1.79849
1027000 1.31362 1.58911 1.48233 1.85189 1.46237 1.82166
1028000 0.893594 1.26128 1.40877 1.78153 1.45293 1.83774
1029000 1.48405 2.20824 1.52184 1.85601 1.48433 1.83808
1030000 2.78961 2.97191 1.44654 1.81344 1.42201 1.79166
1031000 0.637412 0.814951 1.51453 1.87024 1.50079 1.88001
1032000 1.04834 1.23444 1.4389 1.82298 1.43905 1.80775
1033000 1.33441 1.75751 1.44474 1.83223 1.45115 1.84603
1034000 1.65869 1.75627 1.42765 1.78374 1.41219 1.77652
1035000 1.27221 1.30917 1.47489 1.8446 1.46568 1.84046
1036000 1.98782 2.03953 1.44658 1.81862 1.42797 1.78151
1037000 0.75739 1.1791 1.4345 1.78873 1.47374 1.83295
1038000 1.49617 1.51758 1.49272 1.83063 1.51386 1.86105
1039000 1.34559 1.42555 1.45041 1.78436 1.429 1.77733
1040000 1.45264 1.71765 1.4937 1.88829 1.50135 1.886
1041000 1.00918 1.73146 1.48644 1.85803 1.49851 1.86901
1042000 1.54987 2.11338 1.40347 1.7735 1.41402 1.78755
1043000 0.628734 1.54414 1.50503 1.88005 1.48965 1.85032
1044000 1.8955 2.02531 1.459 1.79986 1.43231 1.81203
1045000 2.20755 2.77138 1.45741 1.82925 1.43261 1.80887
1046000 2.12242 2.79563 1.48433 1.81194 1.46397 1.80802
1047000 1.56336 1.63728 1.4747 1.83008 1.47576 1.83733
1048000 4.43964 5.02898 1.46887 1.81797 1.44136 1.79493
1049000 0.923887 0.971386 1.42361 1.76706 1.46943 1.82838
1050000 1.67154 2.28387 1.55174 1.9146 1.45801 1.82623
1051000 1.66753 2.07426 1.36582 1.7376 1.40183 1.77373
1052000 1.09575 1.26334 1.43174 1.77913 1.45338 1.81596
1053000 1.62029 1.87969 1.38071 1.76819 1.38823 1.76506
1054000 1.2312 1.41462 1.40896 1.78886 1.37777 1.73483
1055000 1.05724 2.49986 1.50482 1.86799 1.47373 1.82783
1056000 1.94312 2.06447 1.46507 1.81013 1.4393 1.80554
1057000 1.1459 1.53029 1.35842 1.74648 1.39884 1.75671
1058000 0.676434 0.760296 1.44329 1.76202 1.49824 1.83921
1059000 0.723138 1.29326 1.43863 1.79585 1.44396 1.79334
1060000 2.31646 2.60516 1.3894 1.75855 1.3743 1.72351
1061000 1.58717 2.05152 1.49116 1.83918 1.43671 1.78499
1062000 2.8053 3.10261 1.41641 1.78131 1.43753 1.79314
1063000 1.09808 1.24693 1.40256 1.75469 1.42537 1.78135
1064000 1.13016 1.38408 1.41773 1.80064 1.44557 1.8061
1065000 0.902887 1.11857 1.4884 1.83398 1.47342 1.82473
1066000 0.928701 0.957091 1.40966 1.75618 1.43474 1.79651
1067000 2.61618 2.70801 1.45892 1.80771 1.38906 1.73105
1068000 2.53893 2.88091 1.43966 1.78804 1.44054 1.79729
1069000 1.55084 2.81743 1.47519 1.84271 1.42892 1.78004
1070000 0.560904 0.706769 1.37183 1.70798 1.43298 1.78159
1071000 2.43303 2.45332 1.39318 1.69989 1.42554 1.75502
1072000 1.52042 1.78565 1.45808 1.79573 1.43434 1.77297
1073000 1.88663 2.02948 1.39752 1.75108 1.43218 1.77668
1074000 3.09093 3.27339 1.45918 1.82939 1.43448 1.81275
1075000 1.32714 1.41145 1.4315 1.78119 1.4378 1.80075
1076000 1.08931 1.40906 1.45114 1.79314 1.49555 1.84025
1077000 1.72908 1.8445 1.46861 1.81076 1.4702 1.82676
1078000 1.74436 1.91827 1.49208 1.82919 1.44679 1.7827
1079000 1.85112 2.79221 1.41097 1.78162 1.40737 1.773
1080000 1.9914 2.73169 1.50885 1.85435 1.43249 1.7815
1081000 2.54704 2.76203 1.45664 1.81255 1.4385 1.79831
1082000 1.37133 1.81739 1.42329 1.78115 1.4214 1.77494
1083000 0.512524 1.21961 1.39834 1.76226 1.40234 1.76944
1084000 1.35041 1.59088 1.44706 1.77951 1.46467 1.80754
1085000 1.71044 1.98957 1.43923 1.79825 1.42788 1.79138
1086000 1.95385 1.98788 1.50339 1.87537 1.45731 1.81639
1087000 1.9757 2.03108 1.43924 1.77413 1.43456 1.77866
1088000 1.14366 1.37298 1.37392 1.71041 1.39899 1.72404
1089000 2.14151 3.67952 1.42636 1.7834 1.46075 1.82042
1090000 1.44031 2.3233 1.44009 1.78796 1.44147 1.79557
1091000 1.27659 1.41597 1.40444 1.74647 1.42763 1.77013
1092000 1.65091 1.8343 1.44481 1.81492 1.42238 1.7893
1093000 1.78376 2.26579 1.44572 1.79632 1.45734 1.79902
1094000 1.71567 2.00868 1.38141 1.74515 1.41516 1.75988
1095000 1.28212 1.9623 1.39142 1.73799 1.39179 1.72467
1096000 1.91389 2.16598 1.40499 1.73765 1.40182 1.73757
1097000 0.966054 0.9872 1.4481 1.82166 1.46366 1.83752
1098000 1.06706 1.24534 1.49579 1.84703 1.47498 1.80702
1099000 0.870096 1.66303 1.41587 1.77467 1.44647 1.80935
1100000 1.33972 1.67482 1.51213 1.86629 1.46707 1.84134
1101000 1.0605 1.70023 1.40276 1.76746 1.38768 1.75743
1102000 1.40703 1.56885 1.47427 1.80491 1.47819 1.81934
1103000 1.68983 1.70313 1.37548 1.75654 1.38793 1.74173
1104000 2.50167 2.76445 1.46072 1.8085 1.44692 1.79136
1105000 1.31162 2.18728 1.42596 1.74597 1.42894 1.75358
1106000 1.89071 2.085 1.3966 1.7382 1.4111 1.75988
1107000 1.97046 2.67891 1.48351 1.84482 1.4602 1.82239
1108000 1.13429 1.15354 1.4128 1.75266 1.4011 1.74873
1109000 0.915811 1.85488 1.39494 1.78582 1.41268 1.78479
1110000 1.1372 1.392 1.38954 1.75837 1.36405 1.71207
1111000 0.787987 1.18176 1.44301 1.8209 1.42853 1.78077
1112000 1.37704 1.91987 1.47122 1.83477 1.48092 1.84854
1113000 1.38466 1.66122 1.41025 1.74826 1.41838 1.76325
1114000 1.48993 1.66646 1.44737 1.81168 1.42205 1.76488
1115000 2.31113 2.35208 1.45123 1.773 1.44166 1.78177
1116000 2.69371 2.84782 1.42217 1.77405 1.46827 1.79241
1117000 1.43818 1.98744 1.44681 1.77093 1.40031 1.73204
1118000 3.08138 3.75538 1.45952 1.81583 1.41969 1.76629
1119000 2.20482 2.36631 1.44141 1.79627 1.43136 1.77912
1120000 1.83605 1.87824 1.43011 1.77587 1.42833 1.77898
1121000 0.727701 0.746653 1.47411 1.86034 1.40774 1.76107
1122000 1.40702 1.4674 1.42324 1.74776 1.4276 1.7691
1123000 3.6765 3.96726 1.42726 1.78095 1.40128 1.75288
1124000 1.45227 2.43506 1.35486 1.71754 1.38397 1.75628
1125000 2.34264 2.43229 1.49077 1.836 1.48674 1.81926
1126000 0.615278 1.04568 1.34404 1.68787 1.38333 1.72244
1127000 1.49708 1.50071 1.42677 1.73015 1.42644 1.76027
1128000 1.43097 1.53932 1.41787 1.7643 1.40303 1.72544
1129000 1.11729 1.34091 1.50328 1.82621 1.47653 1.81165
1130000 1.22189 1.47556 1.36267 1.73439 1.37153 1.73411
1131000 1.42906 1.63264 1.43151 1.79297 1.42087 1.76666
1132000 1.52566 1.70277 1.34925 1.68952 1.38386 1.73587
1133000 1.48555 1.58739 1.41185 1.79359 1.40916 1.76827
1134000 1.20637 1.24026 1.48966 1.83828 1.49429 1.84131
1135000 1.47839 1.71285 1.38662 1.72901 1.3968 1.74715
1136000 1.01126 1.0138 1.42833 1.77992 1.4276 1.79226
1137000 1.90893 2.1713 1.48764 1.86239 1.4155 1.77303
1138000 3.04094 3.196 1.46484 1.79266 1.45169 1.78655
1139000 1.41847 1.59074 1.46565 1.84206 1.46971 1.83337
1140000 0.706879 0.718323 1.33212 1.70398 1.3423 1.71399
1141000 3.5475 3.80877 1.48495 1.85237 1.44095 1.80535
1142000 1.16465 1.97644 1.39069 1.73491 1.37733 1.72757
1143000 2.29062 2.45764 1.41939 1.76327 1.42089 1.7751
1144000 0.969404 1.43267 1.46503 1.79574 1.43513 1.77889
1145000 1.19287 1.34825 1.37067 1.71096 1.44125 1.80385
1146000 2.58641 3.22743 1.38661 1.73665 1.39671 1.76129
1147000 0.850395 1.36682 1.42533 1.74492 1.40398 1.71908
1148000 2.16655 2.31517 1.41099 1.77103 1.41044 1.75693
1149000 1.2796 1.31795 1.43875 1.79461 1.42355 1.79024
1150000 0.610856 0.831395 1.37733 1.7165 1.39884 1.74371
1151000 0.992652 1.29098 1.40799 1.72958 1.40457 1.76281
1152000 1.00552 1.07908 1.41838 1.72355 1.43734 1.76666
1153000 0.328644 1.07972 1.45401 1.8197 1.41182 1.77367
1154000 0.379579 0.907732 1.39939 1.7293 1.4393 1.78018
1155000 0.364958 1.21536 1.45822 1.74546 1.42806 1.73232
1156000 1.24136 2.01764 1.39753 1.71052 1.40364 1.71285
1157000 1.16624 1.66982 1.43116 1.80619 1.466 1.81647
1158000 1.81139 2.12246 1.43251 1.78296 1.39288 1.73736
1159000 1.80228 2.29239 1.32854 1.65548 1.35136 1.68922
1160000 0.695817 0.775395 1.38321 1.74824 1.40319 1.78394
1161000 1.12405 1.21556 1.37635 1.74764 1.36865 1.73174
1162000 1.9978 2.08392 1.42313 1.72949 1.42217 1.74093
1163000 0.566326 1.20184 1.40037 1.74628 1.39274 1.73812
1164000 2.35008 2.93901 1.36919 1.68379 1.3567 1.69592
1165000 1.95045 2.42338 1.42223 1.73908 1.40529 1.72094
1166000 0.479748 1.00445 1.38128 1.76288 1.41406 1.79324
1167000 2.17988 2.20596 1.45283 1.76472 1.43907 1.77559
1168000 1.27042 1.28621 1.32001 1.64543 1.38444 1.71007
1169000 0.55399 1.60615 1.38767 1.73634 1.3812 1.73076
1170000 0.961633 1.24641 1.40069 1.74182 1.40985 1.74112
1171000 1.36452 1.59929 1.44503 1.79004 1.41701 1.76428
1172000 1.40066 1.43306 1.40062 1.73666 1.41735 1.75036
1173000 0.459449 0.576465 1.36545 1.72584 1.3859 1.75391
1174000 1.33863 1.46388 1.42702 1.77358 1.38698 1.73441
1175000 1.40658 1.43901 1.42004 1.75244 1.45955 1.80094
1176000 0.950958 0.967685 1.39934 1.72587 1.41347 1.76349
1177000 1.71872 2.00516 1.44353 1.78956 1.41568 1.75518
1178000 1.81834 2.11109 1.42152 1.77599 1.41974 1.75621
1179000 1.85133 2.14248 1.47335 1.80193 1.43294 1.77005
1180000 0.833855 1.67092 1.38243 1.73536 1.3919 1.73478
1181000 1.45974 1.79863 1.43992 1.76488 1.43112 1.74677
1182000 1.27996 1.61574 1.42723 1.80168 1.41848 1.78196
1183000 2.20049 2.46235 1.39355 1.73463 1.40119 1.74924
1184000 0.890281 0.974648 1.3821 1.68063 1.39553 1.71696
1185000 2.1967 2.50907 1.39815 1.74841 1.39068 1.74282
1186000 1.77487 2.6221 1.41014 1.74572 1.39774 1.74225
1187000 0.842858 1.32983 1.34955 1.69781 1.39377 1.74445
1188000 1.64006 1.81657 1.34514 1.69786 1.34176 1.68879
1189000 1.9992 2.89907 1.40721 1.75225 1.40057 1.73223
1190000 1.26964 2.09458 1.4931 1.84947 1.45302 1.79977
1191000 2.11805 2.34851 1.3625 1.68361 1.37703 1.7153
1192000 3.28416 3.67962 1.38563 1.72973 1.39589 1.73885
1193000 1.51612 1.55845 1.37807 1.75811 1.38256 1.72131
1194000 2.06533 2.08376 1.3888 1.74852 1.41506 1.7568
1195000 2.14205 2.26815 1.39579 1.74814 1.44183 1.78676
1196000 0.843715 1.02883 1.35954 1.74785 1.39454 1.76918
1197000 0.745503 1.4792 1.40011 1.72852 1.40379 1.72687
1198000 0.387099 0.802089 1.29486 1.60972 1.31377 1.65499
1199000 1.88127 1.99461 1.43634 1.74091 1.4399 1.76749
1200000 2.36504 2.47152 1.37933 1.69979 1.3851 1.73605
1201000 0.951115 1.38968 1.32202 1.68803 1.36804 1.73858
1202000 0.848275 0.901114 1.34643 1.71347 1.37155 1.71986
1203000 2.03113 2.12017 1.33747 1.66606 1.35144 1.70456
1204000 0.885134 1.09757 1.41919 1.74842 1.40256 1.7323
1205000 0.875204 1.70304 1.26649 1.61743 1.29524 1.659
1206000 0.650289 0.977679 1.37981 1.67438 1.3422 1.66269
1207000 1.52981 1.67501 1.39306 1.74263 1.40136 1.73921
1208000 1.07598 1.17672 1.33505 1.70111 1.33125 1.69044
1209000 1.24027 1.44098 1.36426 1.73155 1.36311 1.69954
1210000 1.97023 2.79331 1.42848 1.75638 1.43062 1.74118
1211000 1.31506 1.43883 1.37572 1.71759 1.39682 1.72786
1212000 1.70268 2.47717 1.42583 1.75842 1.4186 1.7688
1213000 1.17135 1.17268 1.38763 1.73749 1.41158 1.74622
1214000 1.67533 2.21678 1.40987 1.7645 1.34312 1.67787
1215000 1.58118 1.75464 1.39891 1.70093 1.3511 1.6749
1216000 1.91423 2.20285 1.43302 1.78101 1.40547 1.7453
1217000 1.10886 1.53519 1.39069 1.7155 1.40892 1.73935
1218000 1.12671 1.55749 1.41144 1.75667 1.34431 1.67391
1219000 2.28408 2.62075 1.39459 1.74006 1.38316 1.73461
1220000 1.38526 1.50561 1.36583 1.71845 1.36152 1.7091
1221000 1.21521 1.39087 1.43276 1.75918 1.42698 1.77885
1222000 1.17863 1.60645 1.35483 1.70782 1.41589 1.75382
1223000 0.325861 0.348587 1.37642 1.71551 1.36685 1.70815
1224000 1.30747 1.61589 1.42836 1.76364 1.41971 1.74229
1225000 1.9447 3.15989 1.31765 1.65817 1.33169 1.65589
1226000 1.93991 2.88309 1.40992 1.81594 1.43556 1.78914
1227000 1.33664 2.82643 1.48426 1.84546 1.44385 1.79492
1228000 1.43734 1.49912 1.36422 1.70703 1.35492 1.70818
1229000 1.86044 1.93877 1.34946 1.6501 1.37947 1.70224
1230000 0.61673 0.627211 1.32924 1.67533 1.33583 1.69016
1231000 1.00005 1.01092 1.30676 1.65734 1.3138 1.67909
1232000 0.822636 0.885581 1.34631 1.67282 1.40039 1.72908
1233000 1.23102 2.04808 1.34508 1.70509 1.33227 1.67078
1234000 1.58714 2.3237 1.44921 1.76303 1.40239 1.72544
1235000 0.732479 1.23183 1.35899 1.67186 1.36768 1.69307
1236000 1.15431 1.4503 1.30451 1.63374 1.31925 1.65523
1237000 2.87949 2.92706 1.37282 1.75298 1.37574 1.74281
1238000 1.21654 1.22964 1.3745 1.68363 1.39765 1.71935
1239000 1.71342 1.82186 1.42259 1.75595 1.40205 1.72507
1240000 0.418278 0.969455 1.29145 1.62406 1.37434 1.71301
1241000 1.79125 2.12147 1.39384 1.74079 1.41042 1.74344
1242000 2.33999 2.48234 1.38915 1.71057 1.36172 1.69759
1243000 1.47403 1.64585 1.36136 1.70783 1.34164 1.68412
1244000 1.33792 1.75799 1.28854 1.61836 1.33101 1.6709
1245000 1.39046 1.40108 1.36271 1.74289 1.37356 1.72729
1246000 2.2226 2.25248 1.42756 1.74858 1.37696 1.70225
1247000 0.608721 0.754169 1.39054 1.73288 1.40273 1.7468
1248000 1.92312 2.13285 1.35865 1.68071 1.36771 1.70679
1249000 0.800333 1.05522 1.29632 1.64683 1.34493 1.69709
1250000 2.51026 2.588 1.44856 1.77987 1.37936 1.73298
1251000 1.59333 1.77417 1.37964 1.69648 1.34014 1.68142
1252000 1.5425 1.66505 1.36378 1.72913 1.37059 1.71555
1253000 1.17888 1.46843 1.38754 1.72874 1.34773 1.69272
1254000 0.81358 1.45188 1.40385 1.75923 1.38051 1.71463
1255000 1.06617 2.14798 1.37243 1.71649 1.34221 1.68094
1256000 0.363512 0.771112 1.40784 1.69991 1.39272 1.70965
1257000 0.802528 1.28533 1.38685 1.6953 1.34839 1.67612
1258000 1.73492 1.80288 1.38595 1.71593 1.3664 1.70172
1259000 0.846307 0.869562 1.34927 1.68886 1.37069 1.71396
1260000 1.49476 2.08648 1.38649 1.71217 1.44046 1.7555
1261000 1.05554 1.11031 1.34056 1.67604 1.36661 1.7005
1262000 1.38705 1.43003 1.43816 1.7726 1.41761 1.75946
1263000 0.75424 0.846484 1.3645 1.68306 1.37179 1.69516
1264000 1.05402 1.09303 1.40358 1.73483 1.41206 1.74443
1265000 0.587659 0.759064 1.30331 1.65179 1.34505 1.6884
1266000 0.588504 0.704901 1.2866 1.6082 1.31911 1.65687
1267000 0.929935 1.14074 1.36019 1.66292 1.34462 1.66632
1268000 1.40629 1.64886 1.36084 1.70475 1.35536 1.69606
1269000 1.29594 1.77047 1.32948 1.64803 1.37856 1.72602
1270000 1.2534 1.50956 1.34277 1.7009 1.37968 1.73116
1271000 1.78288 1.83255 1.42322 1.7825 1.38403 1.73368
1272000 0.838569 1.79859 1.35719 1.69892 1.35697 1.70645
1273000 0.666144 1.75069 1.37899 1.73132 1.39562 1.73296
1274000 0.897089 0.991308 1.34182 1.67617 1.3434 1.68539
1275000 1.86176 1.93074 1.39041 1.71021 1.40195 1.73118
1276000 0.615879 0.897103 1.39046 1.73939 1.34223 1.66593
1277000 1.49795 1.72953 1.38345 1.71712 1.36955 1.70474
1278000 0.646135 1.49257 1.36863 1.71951 1.39427 1.73301
1279000 1.17095 1.20127 1.32998 1.64689 1.3402 1.6783
1280000 2.19628 3.25991 1.31041 1.66554 1.33401 1.67438
1281000 1.99972 2.08334 1.4288 1.75364 1.39134 1.72265
1282000 1.47855 1.55922 1.27899 1.64762 1.32451 1.66799
1283000 1.62541 1.66821 1.25146 1.58306 1.29336 1.60665
1284000 0.754608 1.60455 1.3416 1.69479 1.36728 1.72147
1285000 1.29363 1.3406 1.31964 1.66958 1.35708 1.71593
1286000 1.84918 2.58339 1.38603 1.74559 1.33042 1.68097
1287000 1.46384 1.93669 1.35386 1.72492 1.36266 1.73133
1288000 1.79808 2.48952 1.39872 1.75739 1.37706 1.70282
1289000 2.48166 2.90048 1.37108 1.69535 1.35436 1.68934
1290000 1.13104 1.34417 1.32962 1.64678 1.36085 1.68427
1291000 0.432603 0.835683 1.3927 1.73056 1.37635 1.71912
1292000 1.16587 1.99564 1.33086 1.66729 1.32671 1.64215
1293000 0.606704 0.757712 1.41386 1.75193 1.39882 1.74961
1294000 2.26646 2.29621 1.45306 1.77247 1.39435 1.73014
1295000 0.985593 1.33752 1.37541 1.67567 1.35743 1.67928
1296000 1.16347 1.25859 1.39217 1.7075 1.38351 1.71109
1297000 2.4155 2.53974 1.37577 1.72959 1.38612 1.71552
1298000 1.94965 2.13538 1.3144 1.64942 1.33646 1.65968
1299000 1.95767 2.03608 1.39354 1.70795 1.3808 1.71887
1300000 0.966239 1.90646 1.34518 1.67564 1.32765 1.65852
1301000 2.43898 2.66888 1.3059 1.61421 1.30257 1.62709
1302000 1.55391 2.0224 1.40045 1.72378 1.33501 1.67538
1303000 1.578 2.05049 1.34261 1.68279 1.34667 1.67238
1304000 2.2504 2.4515 1.40901 1.75917 1.37628 1.71003
1305000 1.50639 1.98538 1.38432 1.70986 1.38963 1.70773
1306000 0.837204 0.910557 1.41511 1.73971 1.3847 1.72488
1307000 3.02927 3.55094 1.38245 1.75409 1.3654 1.73458
1308000 1.94311 2.57585 1.35441 1.72531 1.38548 1.73335
1309000 1.29759 1.55974 1.31487 1.63841 1.31557 1.63062
1310000 1.56563 1.84825 1.37848 1.69331 1.35799 1.67537
1311000 0.942258 1.48879 1.37961 1.73527 1.36888 1.71805
1312000 1.20017 1.48826 1.35563 1.71314 1.35163 1.69522
1313000 0.804117 0.948263 1.33285 1.6655 1.30731 1.64817
1314000 1.07863 1.27242 1.3697 1.69648 1.36864 1.68444
1315000 1.84799 1.9031 1.34125 1.70558 1.31451 1.6648
1316000 1.4415 2.34156 1.36295 1.66626 1.3487 1.66667
1317000 1.64739 1.99786 1.31766 1.64462 1.33164 1.65589
1318000 1.2315 1.29748 1.27049 1.61779 1.3151 1.65065
1319000 1.55756 1.61463 1.36857 1.69181 1.37058 1.69564
1320000 0.435376 0.598348 1.39194 1.67559 1.36381 1.67491
1321000 0.92042 0.958152 1.29675 1.64088 1.36535 1.68645
1322000 1.16091 1.34424 1.35812 1.67827 1.3247 1.6505
1323000 1.05658 1.18701 1.35965 1.69259 1.3527 1.68428
1324000 1.43837 1.44826 1.34529 1.66923 1.35552 1.68745
1325000 2.03628 2.93246 1.317 1.63673 1.3115 1.6353
1326000 1.06887 1.23279 1.37818 1.64649 1.3402 1.64546
1327000 1.76532 2.10599 1.36779 1.70555 1.38767 1.72189
1328000 0.91982 2.14457 1.31221 1.665 1.34524 1.68173
1329000 1.6101 1.80797 1.32361 1.66735 1.34739 1.68444
1330000 1.65064 1.68621 1.33362 1.6707 1.34721 1.67931
1331000 0.38175 1.00416 1.31899 1.68001 1.33849 1.66848
1332000 1.033 1.26503 1.37958 1.75402 1.33924 1.68345
1333000 0.856407 1.46602 1.33642 1.67106 1.3414 1.67165
1334000 0.907363 1.15154 1.3362 1.66353 1.31723 1.64972
1335000 1.06219 1.10753 1.36464 1.67002 1.37713 1.70976
1336000 1.79695 2.10802 1.4208 1.74433 1.3675 1.71005
1337000 0.337828 0.93999 1.27187 1.57331 1.28477 1.59884
1338000 2.26413 2.29303 1.37778 1.7063 1.33705 1.68505
1339000 1.79663 2.21558 1.39101 1.69923 1.34736 1.6574
1340000 1.14221 1.35278 1.34203 1.64853 1.3488 1.64655
1341000 0.703193 1.14445 1.32057 1.65754 1.3441 1.68198
1342000 1.0921 1.54635 1.35375 1.7327 1.37425 1.72727
1343000 1.85183 2.39262 1.33704 1.65888 1.34207 1.6724
1344000 2.22204 2.65631 1.43578 1.76548 1.40839 1.72626
1345000 1.73776 1.84478 1.32274 1.63249 1.33639 1.6633
1346000 1.04302 1.55537 1.25979 1.62138 1.30932 1.65978
1347000 1.35253 1.50767 1.32971 1.69409 1.35086 1.69144
1348000 0.54007 0.881259 1.39025 1.7085 1.37438 1.69779
1349000 2.31161 3.10533 1.34489 1.68163 1.3441 1.66483
1350000 1.00971 1.07429 1.36004 1.6956 1.33195 1.64356
1351000 1.13907 1.24716 1.36878 1.7032 1.38038 1.70915
1352000 1.20803 1.2722 1.34687 1.683 1.29663 1.63687
1353000 0.881553 1.07882 1.31465 1.65845 1.35216 1.67027
1354000 2.13275 2.2945 1.34248 1.70703 1.37971 1.71816
1355000 2.10541 2.53351 1.40907 1.72182 1.34681 1.66319
1356000 1.47648 1.48905 1.24678 1.60317 1.30988 1.64324
1357000 1.68968 1.79556 1.33286 1.65406 1.35628 1.68027
1358000 2.18613 2.77688 1.34442 1.63222 1.33047 1.64741
1359000 1.44436 1.55352 1.38716 1.74295 1.36072 1.70555
1360000 1.88395 1.99384 1.31088 1.6011 1.34996 1.66034
1361000 0.644778 1.20328 1.28906 1.64221 1.31854 1.65369
1362000 1.3218 1.42491 1.37068 1.68089 1.3721 1.68568
1363000 1.30125 1.33246 1.28442 1.62735 1.33242 1.68004
1364000 1.43326 1.86836 1.40391 1.74422 1.35469 1.70709
1365000 1.72694 2.09781 1.35114 1.70886 1.38911 1.73899
1366000 1.56813 1.61394 1.30327 1.62478 1.30879 1.6302
1367000 0.946597 1.10892 1.34563 1.66846 1.31086 1.64165
1368000 0.980512 1.08173 1.37472 1.66949 1.35516 1.65989
1369000 2.57055 2.57431 1.34005 1.63816 1.34509 1.64862
1370000 0.334551 0.751091 1.28747 1.60826 1.32219 1.62173
1371000 3.44443 4.11413 1.39304 1.72115 1.33568 1.6624
1372000 1.22669 1.58996 1.35898 1.67773 1.34176 1.68371
1373000 1.93258 2.69899 1.30399 1.65089 1.30951 1.63568
1374000 1.59969 2.16036 1.36601 1.69304 1.33017 1.65124
1375000 1.74751 2.44941 1.39822 1.7431 1.3536 1.68273
1376000 1.13946 1.38696 1.30214 1.6154 1.33647 1.66416
1377000 1.70941 1.81004 1.40537 1.7087 1.35322 1.67209
1378000 1.72639 2.49809 1.33752 1.72239 1.38811 1.73966
1379000 1.7756 2.22118 1.38522 1.71347 1.35985 1.69127
1380000 1.01871 1.39681 1.24934 1.58432 1.25873 1.58979
1381000 0.993331 1.33255 1.39536 1.74587 1.37785 1.7121
1382000 0.910552 1.73805 1.33413 1.65369 1.32496 1.63272
1383000 1.39216 1.44776 1.34471 1.65209 1.36487 1.67302
1384000 0.811291 1.10143 1.29394 1.60474 1.30298 1.6314
1385000 0.371437 0.96623 1.32589 1.6425 1.33747 1.64057
1386000 1.11025 1.19816 1.28797 1.58619 1.32202 1.64031
1387000 1.19427 1.3209 1.29319 1.63875 1.3073 1.64631
1388000 1.75724 1.8374 1.40106 1.71571 1.35114 1.6646
1389000 1.20036 2.018 1.32429 1.66931 1.36666 1.70447
1390000 1.24239 1.55301 1.37439 1.68799 1.37183 1.69644
1391000 1.99905 2.81385 1.32551 1.66911 1.35849 1.68163
1392000 1.91793 1.98624 1.31927 1.61656 1.33371 1.64931
1393000 1.49077 1.81568 1.31867 1.60277 1.32115 1.61239
1394000 2.35642 2.37053 1.30151 1.62627 1.3164 1.6321
1395000 1.04215 1.37488 1.2587 1.63004 1.31957 1.63883
1396000 1.83955 1.96438 1.3252 1.62482 1.30827 1.62928
1397000 0.829688 0.988829 1.3516 1.6583 1.33832 1.64344
1398000 1.59798 2.10665 1.41331 1.76117 1.38848 1.7151
1399000 2.27797 2.44948 1.43034 1.7465 1.40015 1.73149
1400000 1.8024 2.52649 1.37573 1.70504 1.36429 1.66691
1401000 1.50478 1.92034 1.26134 1.58507 1.27204 1.57598
1402000 1.63368 1.86838 1.33292 1.67918 1.32304 1.6444
1403000 2.01275 2.02852 1.30108 1.60812 1.29667 1.62024
1404000 1.53553 1.58058 1.33034 1.65237 1.32607 1.63559
1405000 1.39904 1.6399 1.3431 1.65226 1.32807 1.62686
1406000 1.18343 1.1973 1.31792 1.66165 1.30849 1.63032
1407000 1.0117 1.07469 1.28275 1.58572 1.30493 1.62211
1408000 0.577999 0.664353 1.34574 1.65195 1.31112 1.62129
1409000 0.646027 0.723896 1.34599 1.63113 1.34729 1.66921
1410000 2.25993 2.70733 1.30919 1.68292 1.29896 1.65902
1411000 0.760171 1.30525 1.26558 1.57815 1.25847 1.57312
1412000 1.72206 2.03985 1.38296 1.68749 1.33434 1.64848
1413000 1.85597 2.11215 1.32754 1.62171 1.29463 1.58777
1414000 0.880543 1.28368 1.39489 1.70999 1.34804 1.66035
1415000 1.24332 1.32976 1.37595 1.67589 1.32541 1.62215
1416000 1.54703 2.55741 1.31142 1.61419 1.32464 1.64624
1417000 0.648047 0.734052 1.32461 1.66371 1.30694 1.63948
1418000 2.01133 2.1417 1.34814 1.65147 1.36086 1.67483
1419000 1.16936 1.47016 1.291 1.60273 1.3247 1.64777
1420000 3.36479 3.55937 1.35618 1.6477 1.36789 1.65372
1421000 0.539731 1.09953 1.26651 1.57551 1.28747 1.60257
1422000 0.542058 0.875564 1.28904 1.61546 1.25001 1.58383
1423000 1.13925 1.38931 1.31827 1.6252 1.30781 1.62603
1424000 1.85043 2.21141 1.37691 1.69543 1.34358 1.6683
1425000 1.95995 2.11804 1.36556 1.6788 1.31118 1.63254
1426000 1.10563 1.6601 1.34461 1.67066 1.35326 1.66853
1427000 0.933243 1.63368 1.31286 1.61078 1.31081 1.62824
1428000 1.27403 1.5369 1.27886 1.6178 1.30489 1.62582
1429000 2.08046 2.33034 1.45981 1.76048 1.39822 1.69577
1430000 2.8226 2.88601 1.33412 1.65279 1.31899 1.64139
1431000 0.316706 0.962904 1.32211 1.63102 1.34351 1.67069
1432000 1.014 1.5162 1.31882 1.62927 1.30711 1.62377
1433000 1.479 1.8001 1.43449 1.77412 1.37127 1.70043
1434000 1.40178 2.40093 1.26974 1.5936 1.30986 1.63015
1435000 0.915444 1.48917 1.25533 1.57671 1.32749 1.64249
1436000 2.00703 2.30418 1.36103 1.68616 1.3407 1.64722
1437000 1.9963 2.30811 1.3853 1.68759 1.3314 1.63809
1438000 1.42377 1.45108 1.30533 1.63535 1.31772 1.64179
1439000 0.859066 1.37912 1.3675 1.71271 1.32707 1.655
1440000 1.18678 1.5963 1.3004 1.63165 1.29728 1.61115
1441000 1.79065 2.19494 1.32341 1.67021 1.29482 1.63527
1442000 1.09454 1.18646 1.33177 1.64624 1.29904 1.60966
1443000 0.545262 1.48983 1.35265 1.6617 1.3898 1.69703
1444000 0.816452 0.953651 1.33511 1.67628 1.32471 1.65167
1445000 1.84958 2.36565 1.27699 1.61175 1.30571 1.62178
1446000 2.29543 2.48342 1.42312 1.7358 1.34709 1.67545
1447000 1.56378 1.5746 1.26608 1.59697 1.27453 1.59391
1448000 1.3615 1.51839 1.32003 1.63839 1.31891 1.63304
1449000 0.925934 1.66117 1.3106 1.62377 1.31564 1.62621
1450000 0.552267 1.50554 1.25992 1.55237 1.29259 1.60032
1451000 1.89212 1.92502 1.30927 1.61498 1.32357 1.6321
1452000 0.635009 0.817446 1.26228 1.60152 1.31132 1.64762
1453000 1.81326 1.86755 1.2938 1.60504 1.3089 1.61399
1454000 0.369738 1.02723 1.25264 1.58417 1.29993 1.63506
1455000 0.362453 0.694892 1.27624 1.58643 1.31072 1.64898
1456000 0.780703 0.900039 1.37329 1.69544 1.34167 1.66961
1457000 2.16505 2.3941 1.2679 1.5945 1.31596 1.63243
1458000 1.26346 1.26497 1.28441 1.61238 1.27769 1.60311
1459000 1.74334 2.77554 1.35669 1.67737 1.36377 1.6966
1460000 1.96986 2.13438 1.28374 1.58978 1.30255 1.60265
1461000 1.59256 1.91538 1.28191 1.63427 1.27409 1.60707
1462000 1.93264 1.97466 1.37452 1.67961 1.29995 1.61558
1463000 1.42042 2.59135 1.25449 1.59936 1.28677 1.61544
1464000 0.703558 1.18418 1.24976 1.55402 1.3058 1.61746
1465000 0.459327 0.972282 1.29383 1.62767 1.31198 1.64482
1466000 1.21679 1.28627 1.31558 1.62346 1.32158 1.66054
1467000 0.362857 0.87028 1.31792 1.66856 1.32796 1.65176
1468000 2.10916 2.42175 1.35129 1.68783 1.36397 1.68651
1469000 0.832043 1.18939 1.31871 1.61351 1.31893 1.63158
1470000 1.9812 2.0505 1.27895 1.60168 1.31549 1.65096
1471000 2.07896 2.11152 1.31157 1.64802 1.27174 1.59711
1472000 0.807027 1.247 1.29936 1.59344 1.31273 1.62448
1473000 0.188344 0.612365 1.27378 1.58414 1.25231 1.57449
1474000 0.733463 0.931585 1.32315 1.60495 1.33249 1.61959
1475000 1.2881 1.32344 1.24044 1.57802 1.26163 1.60227
1476000 1.57994 2.59545 1.26623 1.59279 1.29082 1.61611
1477000 1.88311 2.23437 1.24599 1.59696 1.29769 1.63676
1478000 0.831798 0.984195 1.19802 1.50534 1.27144 1.58048
1479000 0.491459 0.530052 1.26363 1.60485 1.2804 1.62682
1480000 1.78843 1.91845 1.28772 1.61799 1.34315 1.65874
1481000 1.702 2.73851 1.29868 1.60488 1.30277 1.61139
1482000 0.743359 0.804196 1.35955 1.65471 1.3526 1.66346
1483000 1.00106 1.48406 1.33509 1.62112 1.31821 1.61555
1484000 0.987357 1.17924 1.29945 1.61756 1.30665 1.60715
1485000 0.581234 0.918174 1.32362 1.65373 1.30627 1.63691
1486000 1.08623 2.27961 1.31677 1.64479 1.35041 1.66186
1487000 1.7173 1.74516 1.29085 1.61204 1.32193 1.63904
1488000 0.724196 0.740516 1.359 1.6979 1.38097 1.71769
1489000 0.7216 1.38288 1.36263 1.69961 1.3596 1.68514
1490000 0.600182 0.819482 1.33165 1.6772 1.32792 1.66435
1491000 2.6176 2.70653 1.40983 1.70669 1.39195 1.70406
1492000 0.935497 1.15372 1.31471 1.64708 1.31144 1.64223
1493000 2.60604 2.65695 1.36358 1.64014 1.29991 1.60404
1494000 1.31775 2.02094 1.23592 1.56913 1.27052 1.60534
1495000 1.14564 1.26466 1.2962 1.59216 1.31373 1.62513
1496000 0.883055 1.16067 1.29603 1.60504 1.30234 1.61303
1497000 0.846013 1.00098 1.27176 1.57873 1.29971 1.59331
1498000 1.5847 1.72653 1.30216 1.62492 1.30083 1.61394
1499000 1.25687 1.30826 1.26326 1.6377 1.31017 1.64936
1500000 1.44342 1.81662 1.35563 1.66806 1.33346 1.64582
1501000 1.06102 1.25478 1.25757 1.59068 1.29275 1.62233
1502000 0.528467 1.2662 1.34452 1.65982 1.31394 1.64012
1503000 1.42394 1.56932 1.3448 1.63841 1.35048 1.6658
1504000 0.750937 1.56506 1.30837 1.62531 1.31858 1.61276
1505000 1.1441 1.16871 1.32597 1.63514 1.33456 1.63717
1506000 1.06898 1.18443 1.32414 1.61188 1.33575 1.6216
1507000 0.915416 1.18835 1.26901 1.61368 1.2926 1.63016
1508000 0.845329 1.28944 1.26888 1.60728 1.28465 1.60896
1509000 0.726256 0.926781 1.31 1.64078 1.33352 1.65478
1510000 1.32663 1.35076 1.36332 1.65164 1.32891 1.64844
1511000 1.19476 1.53676 1.29545 1.64285 1.33178 1.66109
1512000 0.663348 0.909168 1.27052 1.5823 1.31842 1.63222
1513000 0.917282 1.10138 1.29357 1.61439 1.27065 1.59122
1514000 0.943701 0.953581 1.29332 1.61528 1.29526 1.61521
1515000 1.276 1.42272 1.26753 1.61011 1.27199 1.61247
1516000 1.64569 1.85743 1.28427 1.62125 1.28495 1.61493
1517000 1.78721 2.00594 1.25905 1.57797 1.30108 1.60011
1518000 0.900208 1.78479 1.36562 1.66214 1.35837 1.66564
1519000 0.52382 0.725006 1.3327 1.62732 1.33736 1.63134
1520000 0.941384 1.09163 1.30114 1.6187 1.29051 1.6054
1521000 0.664945 0.900771 1.24085 1.5331 1.27039 1.56966
1522000 2.00879 2.67006 1.32247 1.61375 1.30633 1.61091
1523000 1.28146 1.35793 1.36676 1.66753 1.3301 1.63464
1524000 0.691366 1.37833 1.26135 1.59008 1.2871 1.60318
1525000 2.18088 2.22978 1.262 1.56343 1.26529 1.5702
1526000 1.29169 1.63203 1.34848 1.67476 1.31894 1.6331
1527000 1.78036 1.81975 1.26256 1.569 1.23581 1.56331
1528000 1.2271 1.22876 1.32518 1.64295 1.28849 1.62095
1529000 1.43978 1.74838 1.30875 1.62489 1.2859 1.61055
1530000 0.376841 0.900305 1.32836 1.65643 1.30865 1.62382
1531000 1.45222 1.83329 1.33828 1.65233 1.29193 1.60787
1532000 0.658669 0.66232 1.31825 1.62546 1.32448 1.65553
1533000 0.635985 0.643438 1.29089 1.60343 1.31757 1.63156
1534000 4.16688 4.23087 1.29864 1.61544 1.26689 1.55281
1535000 0.677838 0.864237 1.31556 1.60996 1.29496 1.6047
1536000 1.3269 1.3819 1.25439 1.58587 1.28014 1.59245
1537000 1.57842 2.18124 1.27332 1.59636 1.28619 1.59911
1538000 0.276053 1.25708 1.23653 1.54128 1.28757 1.59527
1539000 1.19065 1.41397 1.26957 1.56147 1.25792 1.56176
1540000 0.518891 1.21357 1.37496 1.68231 1.31467 1.63392
1541000 1.23572 1.26167 1.2766 1.55374 1.28592 1.5752
1542000 1.1829 1.42393 1.28446 1.58682 1.311 1.62845
1543000 1.21571 1.26545 1.24322 1.5817 1.2453 1.56663
1544000 0.728129 0.775408 1.2632 1.53733 1.27685 1.55171
1545000 0.977961 1.29237 1.25179 1.56886 1.2332 1.55258
1546000 0.666117 1.04208 1.2431 1.56818 1.27986 1.59329
1547000 1.18196 1.38826 1.29276 1.59962 1.26146 1.57472
1548000 1.2565 1.25692 1.26753 1.5786 1.29335 1.61158
1549000 0.694083 0.750801 1.25371 1.56892 1.28352 1.59258
1550000 1.39043 1.45807 1.26731 1.61919 1.28817 1.63128
1551000 0.657466 0.742292 1.28389 1.58579 1.32915 1.63485
1552000 0.639919 0.856925 1.28554 1.60011 1.27134 1.60081
1553000 1.99628 2.09194 1.33282 1.63706 1.32068 1.61328
1554000 1.31605 1.53833 1.27564 1.59291 1.2849 1.60495
1555000 1.19728 1.86205 1.36934 1.69519 1.31208 1.623
1556000 0.913558 1.17055 1.19407 1.5265 1.23179 1.55018
1557000 1.10961 1.24434 1.37853 1.68283 1.33208 1.6235
1558000 1.5768 2.07596 1.26135 1.60486 1.29371 1.61517
1559000 1.35214 1.66625 1.34055 1.64789 1.32287 1.62119
1560000 1.81352 2.4219 1.29849 1.61831 1.28335 1.58811
1561000 2.13767 2.43427 1.29036 1.59904 1.28855 1.58488
1562000 3.54664 3.7831 1.29744 1.61041 1.27219 1.59714
1563000 0.812735 0.898754 1.25799 1.58233 1.32146 1.63432
1564000 1.54744 1.82839 1.22724 1.51851 1.25209 1.56258
1565000 1.87532 2.14363 1.3227 1.61561 1.31342 1.62335
1566000 1.1595 1.39182 1.31028 1.60437 1.30214 1.59228
1567000 1.378 1.48646 1.3264 1.64089 1.32891 1.63865
1568000 2.68894 2.96342 1.32211 1.61825 1.31539 1.61186
1569000 1.4153 2.02454 1.26799 1.56451 1.29101 1.59082
1570000 0.951215 1.45546 1.31104 1.58074 1.30379 1.59078
1571000 0.618223 0.785526 1.29112 1.57397 1.32747 1.61105
1572000 0.760751 1.11325 1.239 1.51073 1.26641 1.56008
1573000 0.692438 1.48859 1.25008 1.59073 1.26816 1.58847
1574000 1.12767 1.22973 1.25659 1.53198 1.26522 1.56379
1575000 1.7868 2.13054 1.29447 1.61014 1.26672 1.57536
1576000 1.18889 1.44791 1.30419 1.63326 1.29917 1.62742
1577000 1.11414 1.59752 1.25952 1.57903 1.30865 1.6237
1578000 2.5669 2.81688 1.29458 1.58043 1.27121 1.58087
1579000 2.28304 2.55618 1.30816 1.57902 1.28669 1.57962
1580000 1.75204 2.28329 1.26491 1.55609 1.26411 1.5506
1581000 1.17868 1.42428 1.25477 1.57317 1.28018 1.59906
1582000 1.73981 1.88825 1.27745 1.56192 1.28485 1.59044
1583000 0.618128 0.743659 1.29692 1.64587 1.26168 1.58419
1584000 0.455391 0.733585 1.27284 1.59412 1.30443 1.60467
1585000 0.693008 1.34413 1.23887 1.54373 1.27142 1.56489
1586000 1.57997 1.78701 1.25754 1.56553 1.25749 1.56511
1587000 0.724124 0.818564 1.25185 1.5696 1.25491 1.56288
1588000 1.71103 1.85008 1.31623 1.61744 1.32605 1.62097
1589000 0.896883 1.39518 1.28302 1.59952 1.24699 1.55432
1590000 0.499159 0.586122 1.26821 1.59192 1.29746 1.60385
1591000 3.10172 3.89619 1.28697 1.6219 1.29179 1.6103
1592000 1.05673 1.52712 1.25225 1.55147 1.272 1.57686
1593000 0.912312 1.32688 1.29093 1.60377 1.27751 1.58947
1594000 0.61268 0.917953 1.28701 1.58268 1.29716 1.59353
1595000 0.656669 0.813073 1.30718 1.61086 1.31689 1.63013
1596000 1.72161 2.44403 1.2754 1.59477 1.24814 1.5584
1597000 1.84394 2.50836 1.27683 1.60287 1.23916 1.55105
1598000 1.87447 2.00029 1.35833 1.68939 1.34178 1.63943
1599000 0.421026 0.558366 1.24055 1.55204 1.222 1.53227
1600000 1.65004 1.9043 1.21155 1.49481 1.24286 1.55319
1601000 3.07421 3.30009 1.3011 1.58314 1.26369 1.56371
1602000 1.5163 1.86636 1.2985 1.58739 1.2863 1.57917
1603000 0.468039 0.501029 1.30463 1.64191 1.29042 1.62448
1604000 2.19446 2.24355 1.2971 1.62364 1.28756 1.59202
1605000 0.319436 0.795851 1.31771 1.62492 1.3213 1.63203
1606000 0.917523 1.08602 1.17595 1.47173 1.24806 1.54742
1607000 1.66711 2.4304 1.25141 1.53934 1.29866 1.59634
1608000 2.01058 2.23767 1.2669 1.57674 1.25242 1.55013
1609000 1.26882 1.39943 1.22637 1.53222 1.27534 1.57162
1610000 1.05782 1.1437 1.26986 1.60131 1.31974 1.64593
1611000 1.34402 1.48017 1.31495 1.61661 1.25397 1.55125
1612000 0.862501 0.890777 1.28569 1.58662 1.24475 1.5499
1613000 2.22051 2.31577 1.33612 1.63017 1.27425 1.56423
1614000 1.13164 1.15862 1.28326 1.57321 1.28088 1.58388
1615000 1.22842 1.94283 1.37916 1.66887 1.33843 1.62285
1616000 0.663361 0.888525 1.26131 1.60015 1.28314 1.60951
1617000 0.37391 0.941491 1.36929 1.70256 1.32616 1.6396
1618000 1.03123 1.20363 1.20141 1.52376 1.23011 1.54054
1619000 1.86195 1.89172 1.30309 1.60498 1.30462 1.60584
1620000 1.24043 1.58042 1.34003 1.63948 1.28939 1.60094
1621000 1.17799 1.1912 1.28026 1.54041 1.27255 1.55978
1622000 1.02362 1.12945 1.27132 1.61071 1.31624 1.65103
1623000 1.23477 1.73676 1.26474 1.56135 1.26629 1.56599
1624000 0.687406 1.18767 1.23125 1.53132 1.25694 1.56663
1625000 0.547159 0.638334 1.23508 1.56935 1.27151 1.57557
1626000 0.504303 0.540887 1.35079 1.64306 1.30544 1.59965
1627000 0.762207 1.13749 1.22093 1.49226 1.25329 1.54907
1628000 0.688158 0.809791 1.18278 1.50937 1.23294 1.54967
1629000 0.854786 1.14862 1.23623 1.53375 1.26035 1.56633
1630000 0.847157 0.910687 1.29546 1.60108 1.2945 1.61287
1631000 1.27308 1.82756 1.23261 1.51596 1.28143 1.57234
1632000 1.60627 1.91432 1.25589 1.56632 1.27519 1.57968
1633000 1.98822 2.22367 1.23455 1.55343 1.25984 1.56686
1634000 1.31752 1.42544 1.25025 1.55591 1.27295 1.5758
1635000 1.98388 2.04665 1.26617 1.59155 1.30327 1.61035
1636000 1.76563 1.96975 1.27953 1.54945 1.29705 1.58548
1637000 0.898041 1.57228 1.26819 1.58401 1.2607 1.57569
1638000 1.18311 1.4487 1.1727 1.51228 1.20841 1.51776
1639000 0.932035 1.44594 1.27545 1.57512 1.25581 1.55678
1640000 0.684265 0.937032 1.29814 1.59365 1.28469 1.5842
1641000 1.58408 2.85159 1.23292 1.55028 1.26865 1.55779
1642000 0.819334 1.48652 1.22656 1.56132 1.23821 1.55611
1643000 0.845484 1.17076 1.2354 1.53479 1.25038 1.5491
1644000 1.67713 2.31599 1.28618 1.57432 1.27505 1.56535
1645000 0.941792 1.0146 1.28438 1.60782 1.2721 1.60263
1646000 0.782931 0.88959 1.24433 1.57793 1.24385 1.56951
1647000 0.774152 0.881231 1.24386 1.53602 1.24217 1.5422
1648000 1.59888 1.73928 1.27473 1.56388 1.26471 1.5617
1649000 1.05033 1.09119 1.26128 1.5931 1.25819 1.56014
1650000 0.794967 1.17409 1.28478 1.5934 1.25901 1.56265
1651000 1.55096 1.68441 1.27618 1.56656 1.29924 1.59651
1652000 1.05793 1.49635 1.23795 1.49694 1.27938 1.56329
1653000 2.65977 2.70105 1.25726 1.5866 1.2478 1.56165
1654000 1.37502 1.41384 1.32074 1.59628 1.28189 1.57507
1655000 1.66151 1.88325 1.24965 1.55086 1.27832 1.59691
1656000 1.62236 1.69964 1.32925 1.66013 1.32592 1.63147
1657000 1.48406 1.72781 1.31232 1.61736 1.32285 1.61828
1658000 0.531572 1.64234 1.22942 1.51074 1.23251 1.52656
1659000 1.40046 3.53511 1.20928 1.57241 1.27818 1.608
1660000 0.943184 1.49936 1.26473 1.5595 1.2556 1.55496
1661000 1.55759 1.62163 1.31007 1.60138 1.28339 1.58755
1662000 1.65387 2.33995 1.21085 1.53746 1.22492 1.55192
1663000 1.83356 2.17759 1.28342 1.60429 1.24087 1.56113
1664000 0.598774 0.818887 1.25752 1.56154 1.27328 1.58654
1665000 1.08932 1.38164 1.27462 1.55463 1.26395 1.55807
1666000 1.25913 1.75613 1.21713 1.5279 1.21815 1.52702
1667000 1.1463 1.33524 1.25473 1.58027 1.26203 1.58368
1668000 1.00196 1.23303 1.29247 1.60554 1.28254 1.61331
1669000 1.13845 1.8531 1.21948 1.57291 1.23526 1.54156
1670000 2.09335 2.32239 1.2499 1.57808 1.25052 1.57337
1671000 1.34671 1.48828 1.31351 1.59729 1.27024 1.56315
1672000 1.23474 1.73965 1.26393 1.60263 1.24909 1.58009
1673000 0.83184 1.30195 1.16945 1.45856 1.22707 1.51735
1674000 0.725792 0.754093 1.28008 1.58418 1.29841 1.61877
1675000 1.45245 1.66919 1.27551 1.59956 1.2539 1.57041
1676000 1.24769 1.25947 1.2318 1.51064 1.2517 1.53314
1677000 1.35433 1.44623 1.24148 1.52531 1.22001 1.52438
1678000 1.04175 1.14744 1.34379 1.61752 1.30979 1.59659
1679000 1.32683 1.44746 1.22737 1.52984 1.26206 1.55917
1680000 1.66887 1.76032 1.28335 1.57803 1.25196 1.56117
1681000 1.1907 1.23437 1.24268 1.54234 1.23589 1.53199
1682000 0.295212 0.977531 1.25327 1.54007 1.27227 1.56502
1683000 1.19671 1.6337 1.25745 1.59503 1.24919 1.56091
1684000 1.52574 1.55024 1.27536 1.61247 1.26423 1.59335
1685000 2.26387 2.60007 1.31542 1.63355 1.29461 1.59744
1686000 0.725998 0.962829 1.23959 1.55001 1.21763 1.53075
1687000 0.907192 1.35889 1.20998 1.52573 1.25087 1.55519
1688000 0.545284 1.04025 1.20091 1.5177 1.24823 1.56878
1689000 1.14082 1.57924 1.17896 1.46962 1.22291 1.51713
1690000 0.430052 0.564466 1.23877 1.53784 1.27043 1.58815
1691000 0.645565 1.3242 1.23501 1.52369 1.24435 1.54137
1692000 0.595494 0.614974 1.27917 1.57958 1.25104 1.57018
1693000 1.5526 1.60201 1.25143 1.55281 1.25527 1.5768
1694000 1.10876 1.57573 1.22497 1.56241 1.25011 1.56937
1695000 2.15381 2.35384 1.19913 1.54152 1.19345 1.52419
1696000 1.00975 1.07128 1.32618 1.62617 1.27526 1.57589
1697000 0.299859 0.84145 1.23158 1.51868 1.23679 1.53442
1698000 0.571015 0.774117 1.22343 1.53563 1.24681 1.56183
1699000 1.25694 1.36053 1.25372 1.53622 1.24872 1.54206
1700000 0.740137 1.51268 1.24524 1.55022 1.22492 1.52171
1701000 0.819524 1.39076 1.2414 1.57506 1.27979 1.58881
1702000 1.47912 1.98234 1.26378 1.54996 1.27481 1.56659
1703000 1.61314 1.62197 1.2529 1.57719 1.24864 1.56472
1704000 1.41208 2.4086 1.2786 1.57022 1.25081 1.54949
1705000 1.14822 1.21098 1.26782 1.57635 1.25086 1.55906
1706000 0.844834 1.34855 1.28109 1.55597 1.2884 1.58886
1707000 0.135484 0.610678 1.31518 1.59223 1.30269 1.59641
1708000 1.36732 2.19714 1.20406 1.54589 1.24701 1.5681
1709000 1.11662 1.49539 1.19986 1.52076 1.22991 1.54529
1710000 2.0262 2.27886 1.28494 1.57833 1.25669 1.55468
1711000 1.84585 2.32346 1.24446 1.5432 1.26617 1.55018
1712000 1.74803 2.24713 1.30639 1.60367 1.27207 1.57312
1713000 0.75056 0.822048 1.20068 1.49485 1.21646 1.52258
1714000 1.06075 1.46467 1.22171 1.52214 1.23394 1.53919
1715000 0.792643 0.891124 1.25641 1.54852 1.2487 1.54883
1716000 1.27844 1.61325 1.26161 1.58028 1.2746 1.58647
1717000 0.857582 1.1157 1.27256 1.54781 1.23949 1.53182
1718000 1.09429 1.16157 1.22774 1.51208 1.25958 1.54786
1719000 1.4134 1.78324 1.22471 1.4941 1.19832 1.47462
1720000 1.79283 2.2463 1.25859 1.5574 1.25013 1.52575
1721000 1.02827 1.30445 1.17541 1.49089 1.20241 1.5173
1722000 1.00642 1.10155 1.20173 1.53198 1.23695 1.54427
1723000 1.20323 1.46788 1.27872 1.56332 1.26218 1.55507
1724000 0.744936 0.932181 1.26058 1.54816 1.26688 1.56106
1725000 1.94209 2.23701 1.29653 1.59994 1.28956 1.60273
1726000 0.480827 0.904968 1.17812 1.50238 1.23016 1.55037
1727000 0.99206 1.16829 1.17379 1.49672 1.19178 1.50505
1728000 1.53368 1.61844 1.24036 1.53895 1.23791 1.5351
1729000 1.30114 1.38067 1.24356 1.5731 1.22956 1.54504
1730000 1.39776 2.22645 1.28862 1.592 1.24966 1.54209
1731000 1.01327 1.41142 1.25556 1.54559 1.26935 1.54421
1732000 1.9922 2.21513 1.20271 1.5143 1.20945 1.52332
1733000 0.93939 0.94978 1.27234 1.58111 1.28021 1.58321
1734000 2.10075 3.28455 1.22595 1.53236 1.2388 1.53694
1735000 0.84712 2.0924 1.2737 1.56879 1.23987 1.53272
1736000 2.25643 2.53457 1.28016 1.62183 1.23846 1.5652
1737000 1.05516 1.16825 1.18916 1.52807 1.18306 1.49206
1738000 0.90687 1.50292 1.17067 1.46866 1.20679 1.50966
1739000 0.882706 1.13474 1.19976 1.51107 1.21509 1.5061
1740000 1.58626 2.13833 1.21063 1.49524 1.20874 1.51131
1741000 1.11153 1.58583 1.28369 1.58477 1.26272 1.55693
1742000 0.601691 1.03197 1.25532 1.54043 1.2433 1.53085
1743000 0.847801 1.04283 1.27749 1.57755 1.2692 1.56174
1744000 2.17625 2.75249 1.32495 1.64663 1.30041 1.62069
1745000 1.25141 1.52471 1.22858 1.5348 1.23585 1.54231
1746000 1.55204 1.91814 1.20803 1.53523 1.23334 1.55571
1747000 0.899327 1.01744 1.29039 1.62015 1.26551 1.59347
1748000 0.712058 1.00721 1.21224 1.51128 1.22625 1.52559
1749000 1.33559 2.02216 1.18479 1.478 1.1891 1.48132
1750000 0.999371 1.46083 1.20367 1.48742 1.2095 1.49772
1751000 1.5354 2.17259 1.29173 1.60151 1.31833 1.61468
1752000 0.401805 1.11615 1.22084 1.5401 1.22032 1.52722
1753000 1.33941 1.64085 1.24565 1.51069 1.20853 1.50511
1754000 0.898649 1.1758 1.27971 1.57899 1.29404 1.58775
1755000 1.25653 1.46367 1.20092 1.50217 1.19009 1.50472
1756000 1.25349 2.10327 1.24745 1.55463 1.229 1.54792
1757000 1.14131 1.19571 1.22364 1.52071 1.24533 1.5411
1758000 1.73703 1.98371 1.21429 1.51607 1.22236 1.53655
1759000 1.02245 1.11128 1.28597 1.57006 1.25842 1.54988
1760000 1.2061 1.3653 1.22572 1.51492 1.21091 1.50651
1761000 1.18241 1.69362 1.31543 1.63845 1.31326 1.62929
1762000 0.603402 0.95214 1.24516 1.5587 1.25377 1.56275
1763000 1.13392 2.19834 1.22728 1.57406 1.2462 1.57397
1764000 2.01795 2.49188 1.23875 1.55015 1.2215 1.51836
1765000 1.31935 1.57598 1.21952 1.52196 1.2443 1.54681
1766000 1.19391 1.83599 1.19983 1.49751 1.24117 1.5277
1767000 1.4679 2.06559 1.24887 1.53606 1.24069 1.54197
1768000 1.57175 1.86022 1.30116 1.5949 1.26425 1.55816
1769000 1.68543 1.8041 1.28559 1.5989 1.24505 1.55883
1770000 1.65764 1.80974 1.31328 1.6276 1.30456 1.61359
1771000 2.35917 2.39 1.20951 1.48334 1.24798 1.53335
1772000 1.70576 2.30194 1.22838 1.53425 1.21174 1.51211
1773000 0.635378 1.06298 1.30112 1.59363 1.27093 1.57077
1774000 0.778668 1.80287 1.22515 1.55304 1.21454 1.52296
1775000 0.754292 1.07451 1.20616 1.48648 1.21308 1.50551
1776000 1.15446 1.18361 1.15291 1.45922 1.1665 1.47579
1777000 1.79025 1.98401 1.26875 1.55615 1.29664 1.591
1778000 0.965797 1.01361 1.27415 1.5621 1.22526 1.53786
1779000 1.13632 1.39227 1.23438 1.56176 1.21965 1.53796
1780000 0.379081 0.674044 1.18783 1.49656 1.23113 1.54414
1781000 2.017 2.39706 1.27181 1.56282 1.25508 1.55192
1782000 0.320688 0.693491 1.26615 1.59942 1.22448 1.54358
1783000 0.219229 0.949561 1.25182 1.55823 1.2344 1.55305
1784000 1.35746 1.63562 1.33174 1.61622 1.26235 1.56612
1785000 1.75858 2.46416 1.23058 1.51887 1.22869 1.52496
1786000 0.807165 1.22806 1.23161 1.53686 1.24537 1.5525
1787000 1.26459 2.26756 1.2285 1.53657 1.21134 1.5218
1788000 1.41275 2.00872 1.27681 1.5688 1.24477 1.54684
1789000 0.987948 1.31121 1.21179 1.49662 1.20264 1.48997
1790000 1.20595 1.4981 1.265 1.55854 1.23823 1.53396
1791000 1.30174 1.9067 1.22994 1.49239 1.24578 1.51889
1792000 0.878336 1.25512 1.18521 1.49049 1.21299 1.51628
1793000 1.51891 1.56327 1.28763 1.57519 1.25368 1.54442
1794000 0.859672 1.87757 1.23745 1.5389 1.22635 1.52081
1795000 1.47754 1.65555 1.18469 1.50954 1.20274 1.49749
1796000 0.979894 1.02478 1.24047 1.53954 1.23465 1.52232
1797000 0.925786 1.19439 1.22868 1.50774 1.20179 1.49417
1798000 1.01155 1.37268 1.26761 1.54985 1.27776 1.55446
1799000 0.731911 1.63218 1.25534 1.56193 1.26282 1.57307
1800000 1.03254 1.65446 1.31439 1.60693 1.29711 1.60471
1801000 1.25328 1.38071 1.2125 1.49649 1.24301 1.54228
1802000 1.24192 1.51052 1.23486 1.50257 1.22281 1.51169
1803000 1.04388 1.35033 1.27882 1.56857 1.2392 1.53454
1804000 0.943937 1.22335 1.27796 1.58227 1.29235 1.58527
1805000 1.83832 2.27136 1.2395 1.52694 1.224 1.51347
1806000 1.2117 1.68098 1.21876 1.5361 1.21077 1.51713
1807000 0.848255 0.935871 1.21291 1.54911 1.18569 1.4939
1808000 2.06597 2.11416 1.18375 1.49236 1.19374 1.50651
1809000 0.675224 0.817601 1.27566 1.54085 1.25323 1.53936
1810000 1.41203 2.06552 1.18783 1.4765 1.21042 1.51413
1811000 2.11806 2.19223 1.24473 1.55182 1.23218 1.52105
1812000 0.706875 0.732953 1.26242 1.55531 1.27692 1.55477
1813000 0.884384 1.46119 1.17788 1.48014 1.21981 1.51405
1814000 1.90959 2.24338 1.25758 1.5278 1.24872 1.53743
1815000 0.671297 0.794305 1.24577 1.55083 1.23381 1.53786
1816000 1.66106 1.76721 1.29489 1.59388 1.24554 1.54682
1817000 0.822958 1.12649 1.16894 1.4501 1.20079 1.48867
1818000 1.02852 1.11611 1.19594 1.44696 1.18757 1.47469
1819000 1.30637 1.61893 1.24985 1.52014 1.26895 1.54824
1820000 0.977237 1.26489 1.21271 1.48486 1.24402 1.52857
1821000 1.59113 1.92574 1.24482 1.54526 1.23201 1.52
1822000 0.635253 0.789783 1.1544 1.46662 1.17365 1.48871
1823000 0.447212 1.04763 1.25726 1.5815 1.22343 1.52693
1824000 1.07566 1.32227 1.23809 1.54681 1.21227 1.50879
1825000 0.802293 0.912019 1.30898 1.63959 1.27725 1.58657
1826000 0.108219 0.776977 1.19061 1.47715 1.23195 1.5193
1827000 2.4892 3.07828 1.26258 1.57893 1.24815 1.55725
1828000 2.27817 2.59712 1.21504 1.53137 1.22775 1.5492
1829000 1.96729 2.27226 1.21932 1.52893 1.20654 1.50254
1830000 0.893629 1.32605 1.30694 1.61278 1.31007 1.60635
1831000 0.621658 0.777156 1.2678 1.53935 1.24483 1.52396
1832000 0.681024 1.2117 1.23234 1.50739 1.23787 1.52297
1833000 1.62072 1.68571 1.19296 1.47074 1.20981 1.49602
1834000 0.471227 0.719429 1.22254 1.5111 1.24992 1.53941
1835000 1.42581 1.82774 1.2605 1.56767 1.26675 1.56885
1836000 1.15079 1.41243 1.24197 1.53372 1.23934 1.52805
1837000 0.381892 0.401894 1.21369 1.5055 1.23707 1.53571
1838000 0.552385 0.610502 1.22026 1.52292 1.2247 1.53414
1839000 1.11807 1.5595 1.24633 1.55315 1.23395 1.53056
1840000 2.94863 3.22515 1.23352 1.4985 1.21106 1.4834
1841000 1.24396 1.57644 1.23276 1.53137 1.20048 1.51331
1842000 1.70855 2.29675 1.28467 1.59362 1.23268 1.52601
1843000 0.374183 0.775797 1.27543 1.57758 1.26459 1.55853
1844000 0.871216 1.08032 1.22884 1.51579 1.23549 1.52224
1845000 0.99499 1.01915 1.27561 1.565 1.21488 1.51488
1846000 2.6702 3.35036 1.2081 1.52841 1.21701 1.52626
1847000 1.10172 1.66555 1.26272 1.56909 1.25658 1.56634
1848000 1.62269 1.76717 1.20212 1.49777 1.24996 1.53861
1849000 1.07421 1.08036 1.26063 1.57896 1.21021 1.52197
1850000 1.52595 1.63165 1.22964 1.51335 1.25702 1.55387
1851000 0.971407 1.19481 1.2514 1.5441 1.23674 1.53711
1852000 0.953013 1.085 1.19566 1.48204 1.20644 1.49886
1853000 1.42815 1.44568 1.22418 1.52738 1.23993 1.53298
1854000 1.45942 1.46813 1.21163 1.5066 1.23466 1.5284
1855000 1.17174 1.68436 1.16106 1.44475 1.18631 1.48646
1856000 0.716373 0.717413 1.20225 1.51158 1.18577 1.47839
1857000 1.14704 1.31866 1.21736 1.52019 1.20743 1.50138
1858000 1.99721 2.1391 1.25343 1.52119 1.23366 1.51935
1859000 0.801574 0.954863 1.25594 1.56577 1.23551 1.55062
1860000 1.38295 1.61695 1.24133 1.5718 1.22647 1.52498
1861000 1.27527 1.57132 1.26786 1.58605 1.23619 1.52907
1862000 1.31839 1.62991 1.24901 1.51459 1.24406 1.50933
1863000 1.6006 1.65982 1.18662 1.48466 1.22401 1.5149
1864000 0.857253 0.912376 1.19379 1.50187 1.2192 1.51282
1865000 1.12031 1.1883 1.22743 1.52456 1.2219 1.52522
1866000 0.328321 0.685722 1.28453 1.57036 1.23197 1.51401
1867000 0.836757 1.52042 1.20953 1.49659 1.21809 1.50875
1868000 1.22978 1.31943 1.22635 1.51934 1.263 1.56622
1869000 1.28486 1.3041 1.20974 1.51303 1.24217 1.56221
1870000 1.0088 1.17763 1.22912 1.52689 1.20917 1.51123
1871000 1.58542 1.63029 1.25375 1.5271 1.25277 1.52671
1872000 1.74466 2.13375 1.15836 1.46223 1.18304 1.47926
1873000 1.72571 1.77374 1.21067 1.52404 1.22568 1.53763
1874000 0.883043 2.19334 1.28261 1.56293 1.26967 1.55876
1875000 1.45568 1.65788 1.27389 1.6289 1.22938 1.54697
1876000 0.549599 0.654463 1.21143 1.50499 1.16534 1.46345
1877000 0.926622 1.87032 1.17361 1.46955 1.22335 1.51529
1878000 1.77018 1.89032 1.21733 1.50659 1.22529 1.51546
1879000 1.50797 1.51363 1.24086 1.54343 1.22594 1.53193
1880000 1.18041 1.88647 1.22107 1.49495 1.21211 1.48646
1881000 1.50006 1.73953 1.16481 1.47101 1.22212 1.49871
1882000 0.31368 1.07876 1.21453 1.51733 1.21456 1.5132
1883000 0.483099 0.525025 1.18667 1.46755 1.2181 1.51635
1884000 0.955767 1.29417 1.12987 1.41164 1.18312 1.45947
1885000 0.603791 1.21707 1.25223 1.54834 1.23734 1.52979
1886000 1.48104 1.96744 1.2242 1.4862 1.20453 1.47591
1887000 0.627504 1.08773 1.22215 1.5302 1.21906 1.51689
1888000 0.676606 0.684655 1.25678 1.57981 1.21603 1.52262
1889000 1.39642 1.67512 1.23311 1.57809 1.20493 1.5219
1890000 0.966354 1.01313 1.21258 1.51518 1.22916 1.52357
1891000 1.99682 2.12594 1.26275 1.5583 1.21251 1.51219
1892000 0.698384 0.728482 1.25389 1.55748 1.27539 1.57699
1893000 1.11714 1.23793 1.19149 1.47912 1.21272 1.50391
1894000 1.1572 1.31193 1.19153 1.50913 1.19435 1.4977
1895000 2.32305 2.47084 1.21308 1.49748 1.23913 1.52539
1896000 1.38108 1.69648 1.24463 1.54034 1.27841 1.57278
1897000 0.470056 0.503409 1.17415 1.4478 1.16095 1.46344
1898000 0.721363 1.29773 1.25408 1.54211 1.21796 1.52111
1899000 0.872503 0.909347 1.2121 1.49537 1.22102 1.51037
1900000 2.41167 2.70286 1.20008 1.49357 1.20439 1.49397
1901000 0.558733 0.659255 1.21183 1.51665 1.24871 1.53808
1902000 1.76642 2.30759 1.26358 1.53916 1.26051 1.54762
1903000 1.05473 1.3951 1.25929 1.53831 1.22383 1.50535
1904000 1.70355 1.70688 1.21912 1.5216 1.20615 1.49997
1905000 1.85072 2.29539 1.24101 1.51957 1.23618 1.53146
1906000 1.03708 1.11671 1.2865 1.58114 1.27452 1.56127
1907000 2.59358 2.59706 1.21071 1.54529 1.22715 1.54851
1908000 0.6357 0.724714 1.19056 1.47419 1.2137 1.50078
1909000 0.521218 0.763572 1.26988 1.55798 1.26745 1.5484
1910000 1.72171 2.38126 1.16866 1.46304 1.19456 1.49002
1911000 1.4101 1.47227 1.15968 1.4617 1.17318 1.46964
1912000 1.01468 2.12752 1.30831 1.57698 1.2657 1.53782
1913000 2.17334 2.35713 1.20149 1.50782 1.19841 1.48627
1914000 1.4338 1.48688 1.20123 1.5116 1.22505 1.52914
1915000 1.72674 1.88738 1.23383 1.519 1.219 1.51396
1916000 0.589312 0.786965 1.23215 1.50313 1.19415 1.48562
1917000 1.3815 1.40336 1.18985 1.49674 1.18396 1.47629
1918000 0.87078 1.34288 1.2036 1.53279 1.23188 1.54783
1919000 1.17133 1.40261 1.18544 1.46093 1.20551 1.48397
1920000 0.422513 0.444246 1.174 1.50261 1.22165 1.51829
1921000 1.07448 1.46598 1.19677 1.49365 1.17078 1.45837
1922000 0.588291 0.641806 1.23061 1.49986 1.21809 1.50358
1923000 1.99917 2.22422 1.27868 1.5574 1.21727 1.50431
1924000 0.885516 1.11974 1.15784 1.4638 1.17015 1.4647
1925000 0.985457 1.38045 1.21559 1.49889 1.20355 1.49068
1926000 1.44269 2.42372 1.29318 1.60089 1.26308 1.56211
1927000 1.16074 1.40629 1.26413 1.55078 1.2995 1.59572
1928000 0.831848 1.0282 1.20117 1.52287 1.21643 1.52305
1929000 2.08821 2.49812 1.17774 1.42812 1.16765 1.44686
1930000 1.08906 1.39749 1.24754 1.57187 1.24994 1.54179
1931000 1.24896 1.93541 1.2566 1.54864 1.23261 1.53232
1932000 0.797583 0.983942 1.19281 1.50617 1.19859 1.48449
1933000 1.45362 1.85953 1.25245 1.55578 1.22123 1.5154
1934000 1.13455 1.23256 1.19495 1.49579 1.19828 1.50538
1935000 0.590707 1.24248 1.28757 1.57153 1.24739 1.51913
1936000 0.585292 0.806952 1.22145 1.54308 1.19989 1.50407
1937000 1.25156 1.3884 1.13307 1.41158 1.16679 1.45724
1938000 1.69155 1.79821 1.19765 1.46058 1.20123 1.48053
1939000 1.02025 1.51324 1.19741 1.50193 1.16924 1.48679
1940000 1.7398 1.81603 1.17643 1.48131 1.19011 1.48007
1941000 0.559462 1.50491 1.2271 1.50639 1.20666 1.49924
1942000 1.2418 1.24409 1.22307 1.51455 1.18732 1.47678
1943000 0.962806 2.28573 1.19445 1.48176 1.20837 1.49248
1944000 1.83916 1.86673 1.19292 1.48017 1.21618 1.50729
1945000 2.62725 2.67601 1.18012 1.45997 1.16573 1.45563
1946000 0.810923 1.00767 1.22279 1.50546 1.20285 1.48038
1947000 0.468446 0.491171 1.22449 1.5086 1.19799 1.49143
1948000 1.05007 1.30415 1.2602 1.53378 1.22855 1.50228
1949000 1.00981 1.05448 1.21781 1.49735 1.19038 1.49037
1950000 1.59857 1.63785 1.27185 1.54048 1.25301 1.53069
1951000 0.739219 0.757657 1.1855 1.50319 1.236 1.53339
1952000 1.77459 1.8104 1.241 1.52704 1.21204 1.50247
1953000 1.43586 2.30563 1.21519 1.53062 1.22737 1.52629
1954000 1.01073 1.23725 1.22896 1.52813 1.20915 1.51176
1955000 1.14447 1.25065 1.18237 1.45288 1.20528 1.50612
1956000 1.21878 1.38734 1.18714 1.49056 1.19539 1.49142
1957000 0.80935 0.818408 1.26296 1.52765 1.23319 1.50032
1958000 1.4264 1.55533 1.19139 1.46186 1.22039 1.50253
1959000 0.247085 0.804203 1.11591 1.42711 1.1773 1.48884
1960000 0.767583 0.863151 1.19614 1.47624 1.21974 1.5068
1961000 1.18004 1.35105 1.25947 1.52209 1.2425 1.51972
1962000 1.83407 1.88231 1.239 1.53833 1.23826 1.54201
1963000 2.01235 2.8288 1.23823 1.51632 1.20709 1.49955
1964000 0.633308 0.63817 1.21961 1.5183 1.22531 1.52279
1965000 1.70214 1.74746 1.20192 1.47274 1.1935 1.47005
1966000 0.400696 0.862438 1.2026 1.486 1.20799 1.49707
1967000 1.45186 1.52424 1.19943 1.48552 1.2077 1.51255
1968000 0.880737 1.42435 1.17848 1.48119 1.17225 1.46641
1969000 0.458722 0.996137 1.19914 1.47212 1.21783 1.48797
1970000 1.59067 2.00666 1.25292 1.52731 1.23099 1.50959
1971000 0.43868 0.89497 1.2206 1.49844 1.17291 1.46007
1972000 1.24716 1.5852 1.20023 1.51022 1.17164 1.47874
1973000 0.545152 0.919977 1.2107 1.52477 1.20988 1.48696
1974000 1.85975 2.01245 1.24587 1.53335 1.19175 1.46504
1975000 0.617718 1.72072 1.20756 1.51908 1.19379 1.49491
1976000 1.33347 1.57262 1.20233 1.50647 1.22331 1.52122
1977000 0.966249 1.14576 1.15503 1.42592 1.16074 1.45074
1978000 1.82201 2.29491 1.14184 1.44011 1.17086 1.46933
1979000 1.89009 1.91038 1.18927 1.51725 1.18613 1.49651
1980000 0.774981 0.801429 1.17049 1.45109 1.16216 1.44676
1981000 1.27471 1.44939 1.13844 1.47013 1.15112 1.4509
1982000 0.478414 1.37411 1.22942 1.50358 1.22365 1.51534
1983000 1.15677 1.49806 1.1653 1.45563 1.18121 1.47973
1984000 0.560906 0.561354 1.12986 1.42044 1.14827 1.4399
1985000 1.02619 1.34538 1.23664 1.54016 1.20885 1.51119
1986000 1.65347 1.75147 1.16207 1.44712 1.18237 1.46502
1987000 2.19852 2.42941 1.23905 1.51393 1.23198 1.50228
1988000 0.861567 0.919645 1.23483 1.48189 1.22139 1.50242
1989000 0.616512 1.39821 1.18435 1.45589 1.16576 1.44608
1990000 1.76909 2.17371 1.24935 1.52493 1.21208 1.50625
1991000 0.920166 1.05996 1.21921 1.52302 1.24099 1.55076
1992000 1.19479 1.29557 1.1522 1.43326 1.14993 1.44262
1993000 2.06581 2.38305 1.19624 1.49524 1.1911 1.49024
1994000 0.300109 0.439824 1.23608 1.52246 1.19784 1.49569
1995000 1.4938 1.5667 1.20663 1.50567 1.17363 1.48586
1996000 1.65697 1.94432 1.16608 1.4521 1.17783 1.46178
1997000 0.99633 1.24734 1.17917 1.46627 1.17785 1.46647
1998000 1.72874 2.25883 1.19282 1.51964 1.16848 1.47539
1999000 0.692122 0.701858 1.15933 1.46015 1.16018 1.47121
2000000 1.65207 2.08301 1.21097 1.49601 1.1605 1.45415
2001000 1.58261 1.60594 1.13581 1.4499 1.14546 1.45469
2002000 1.83401 2.30213 1.19247 1.51375 1.1995 1.51043
2003000 1.28731 1.36541 1.24527 1.51345 1.21494 1.49565
2004000 0.955825 1.07024 1.2182 1.49409 1.21522 1.50419
2005000 0.852252 1.14079 1.15012 1.45605 1.15482 1.46305
2006000 0.352506 0.428343 1.24703 1.5334 1.21856 1.51951
2007000 1.88196 1.92812 1.12292 1.42723 1.17237 1.46727
2008000 1.8326 2.38276 1.19701 1.45201 1.18968 1.44724
2009000 2.02829 2.13042 1.23878 1.5276 1.23523 1.52282
2010000 0.902343 1.2217 1.21929 1.52696 1.20116 1.49282
2011000 0.465825 0.618816 1.19168 1.50771 1.21204 1.50984
2012000 2.03926 2.05033 1.22352 1.53479 1.18843 1.48005
2013000 2.47259 2.66119 1.2214 1.5096 1.21016 1.49213
2014000 0.755518 1.20206 1.19645 1.47761 1.2157 1.49926
2015000 1.52559 1.57911 1.17586 1.5037 1.17737 1.48081
2016000 2.30551 2.42864 1.24927 1.54278 1.24206 1.53877
2017000 0.57689 0.690375 1.20739 1.4926 1.22156 1.50472
2018000 1.381 1.4209 1.27049 1.55195 1.18528 1.46588
2019000 1.25664 1.66272 1.14067 1.42375 1.16239 1.43641
2020000 1.30815 1.34978 1.27745 1.58842 1.21856 1.51876
2021000 0.421804 0.811425 1.27955 1.57296 1.28029 1.56329
2022000 1.43205 1.45841 1.22747 1.51978 1.19139 1.48751
2023000 1.37352 1.71375 1.20255 1.50212 1.21626 1.52204
2024000 1.33231 1.44059 1.11828 1.42217 1.16311 1.45021
2025000 0.875206 1.49283 1.20038 1.48873 1.17834 1.47805
2026000 2.55729 2.61576 1.224 1.52793 1.21617 1.48701
2027000 0.519882 0.800794 1.21387 1.5434 1.18802 1.49795
2028000 1.78759 2.0305 1.16268 1.44015 1.16475 1.43039
2029000 1.03031 1.18817 1.15461 1.45319 1.18008 1.47112
2030000 1.1076 1.21314 1.1862 1.48719 1.19851 1.48711
2031000 0.709963 0.880804 1.18914 1.49435 1.1925 1.4919
2032000 1.42214 1.77238 1.23092 1.49782 1.25125 1.52061
2033000 3.20614 3.63107 1.19661 1.49601 1.18966 1.48195
2034000 0.882687 1.13 1.15359 1.45956 1.2045 1.49507
2035000 0.722646 1.25791 1.14761 1.45325 1.17163 1.46459
2036000 0.566272 0.975126 1.1957 1.48015 1.21259 1.49578
2037000 1.3555 1.6702 1.17796 1.44717 1.19571 1.48091
2038000 1.12032 1.3835 1.2121 1.53397 1.22557 1.52227
2039000 0.869596 0.9457 1.20053 1.52855 1.18809 1.50982
2040000 0.703523 1.00706 1.23297 1.51207 1.23639 1.52077
2041000 0.776306 1.22782 1.16248 1.45672 1.20179 1.48469
2042000 0.484697 1.5955 1.15568 1.46816 1.18505 1.48669
2043000 1.06385 1.24394 1.15383 1.42034 1.14456 1.43892
2044000 0.783007 1.50194 1.16227 1.46669 1.15965 1.47457
2045000 2.27276 2.36951 1.16958 1.46067 1.15817 1.45775
2046000 1.61694 1.74012 1.15946 1.4621 1.16627 1.48755
2047000 1.31221 1.32707 1.20565 1.48269 1.19019 1.48373
2048000 0.607642 1.25893 1.17366 1.47734 1.17734 1.46166
2049000 1.14899 1.19693 1.22375 1.51754 1.19754 1.49375
2050000 1.17137 1.57706 1.18792 1.48661 1.21034 1.49745
2051000 0.994363 1.2373 1.16733 1.44369 1.1343 1.43823
2052000 0.876262 1.32521 1.16395 1.46767 1.14749 1.46434
2053000 0.577626 0.591924 1.21552 1.50849 1.1805 1.47076
2054000 0.980959 1.36763 1.18368 1.50403 1.1854 1.49685
2055000 0.850121 1.30376 1.07106 1.39477 1.1448 1.46335
2056000 0.742081 0.867567 1.18793 1.47728 1.17114 1.46743
2057000 2.1246 2.68044 1.13504 1.43599 1.16043 1.46755
2058000 0.328084 0.53613 1.23198 1.50441 1.22976 1.5193
2059000 0.634607 1.39865 1.21715 1.52194 1.23042 1.52764
2060000 0.541206 0.605467 1.19594 1.48583 1.16886 1.4663
2061000 1.37647 1.46859 1.23073 1.52555 1.22262 1.5221
2062000 0.491392 1.17053 1.21617 1.53098 1.21724 1.50272
2063000 2.58943 2.5898 1.13613 1.42948 1.15392 1.46469
2064000 0.558485 1.06628 1.19431 1.49286 1.21397 1.52394
2065000 0.768049 0.959514 1.1834 1.48692 1.1945 1.49563
2066000 0.922438 1.50761 1.23236 1.52593 1.19779 1.49074
2067000 1.62368 2.0398 1.2548 1.52502 1.23245 1.51537
2068000 0.786816 0.909597 1.15333 1.43669 1.15565 1.43674
2069000 0.517802 0.657749 1.17893 1.45131 1.1847 1.46663
2070000 1.5619 1.80632 1.16751 1.44985 1.16676 1.46756
2071000 1.59116 2.47495 1.22692 1.52461 1.20509 1.49557
2072000 1.06786 1.16051 1.14798 1.43842 1.18309 1.47146
2073000 0.841884 1.41698 1.21191 1.49436 1.2205 1.50356
2074000 1.41172 1.4527 1.15444 1.46736 1.17586 1.47798
2075000 2.25571 2.32007 1.18597 1.49137 1.16523 1.47153
2076000 1.22195 1.55564 1.18053 1.47126 1.19606 1.48956
2077000 0.655221 0.838547 1.20133 1.5122 1.19642 1.50632
2078000 1.18356 1.18682 1.20411 1.50017 1.19029 1.49259
2079000 1.20837 1.34147 1.19145 1.43762 1.19116 1.45774
2080000 2.08599 2.17797 1.19718 1.5113 1.21105 1.50884
2081000 1.44115 1.44878 1.13163 1.43669 1.15058 1.44139
2082000 0.888045 1.02828 1.16789 1.45944 1.16254 1.45567
2083000 0.876169 0.908652 1.23056 1.52027 1.19857 1.50145
2084000 1.08923 1.43336 1.14693 1.45063 1.18308 1.49523
2085000 1.01174 1.48738 1.17628 1.45576 1.18991 1.46296
2086000 1.02299 1.03127 1.18804 1.52293 1.18662 1.4936
2087000 0.74612 0.89227 1.21367 1.46972 1.21216 1.47724
2088000 1.44895 1.46703 1.18456 1.47323 1.17737 1.47677
2089000 1.2751 1.54302 1.25375 1.58002 1.23763 1.56156
2090000 1.52901 1.69762 1.19085 1.44803 1.18219 1.45763
2091000 0.818716 0.984997 1.17302 1.46209 1.17662 1.47961
2092000 0.700896 1.21208 1.16554 1.45475 1.19995 1.48638
2093000 0.74313 1.06106 1.16679 1.46893 1.17403 1.48244
2094000 0.693972 1.00529 1.23374 1.51239 1.229 1.52409
2095000 0.468008 0.947337 1.16509 1.48777 1.18173 1.4867
2096000 1.19697 1.44225 1.1723 1.49409 1.20896 1.51153
2097000 1.11148 1.89817 1.2194 1.49143 1.22322 1.49344
2098000 1.09896 1.41372 1.16066 1.45843 1.16013 1.45914
2099000 1.2863 1.68589 1.18714 1.47666 1.17829 1.47507
2100000 1.35062 1.59321 1.20875 1.52133 1.19031 1.50829
2101000 1.02912 1.74041 1.19383 1.50751 1.21571 1.52947
2102000 0.738475 0.845973 1.15141 1.47043 1.15895 1.48397
2103000 2.00509 2.31714 1.25494 1.57717 1.25857 1.55517
2104000 1.06659 1.31191 1.18116 1.49049 1.19512 1.50215
2105000 1.47503 1.50052 1.22413 1.4965 1.21506 1.49052
2106000 1.34932 2.31337 1.15724 1.45298 1.15795 1.43882
2107000 0.761825 1.08677 1.25116 1.57502 1.20263 1.51199
2108000 1.07635 1.61621 1.09372 1.39073 1.13402 1.42654
2109000 0.559833 0.707999 1.16094 1.43617 1.19484 1.47861
2110000 0.847859 1.15055 1.15071 1.45908 1.17377 1.48918
2111000 1.54439 1.58888 1.25652 1.54328 1.23528 1.52836
2112000 0.983498 1.12633 1.16734 1.45567 1.16762 1.45181
2113000 1.12262 1.58657 1.12743 1.43211 1.16837 1.46825
2114000 0.815845 0.896717 1.17278 1.47454 1.20902 1.49736
2115000 1.62542 1.86636 1.25246 1.55559 1.20969 1.51533
2116000 1.71323 1.72882 1.15776 1.46419 1.1435 1.44613
2117000 1.05596 1.12315 1.19204 1.52681 1.20762 1.51596
2118000 1.49509 2.16954 1.14591 1.43807 1.15801 1.45252
2119000 1.39489 2.35798 1.19299 1.48948 1.18005 1.48443
2120000 1.55572 1.6981 1.16052 1.43641 1.21673 1.49131
2121000 1.48171 1.51871 1.19344 1.4828 1.19453 1.4908
2122000 1.72751 1.97285 1.17833 1.46526 1.14944 1.44309
2123000 0.779392 1.48485 1.18613 1.5155 1.18074 1.48155
2124000 1.67417 2.07322 1.15457 1.43166 1.2118 1.51053
2125000 2.07453 2.17354 1.29177 1.58727 1.22871 1.51948
2126000 1.24233 1.25545 1.27536 1.60743 1.2302 1.53771
2127000 1.22032 1.26755 1.22364 1.49322 1.19842 1.48555
2128000 0.484663 0.632383 1.19185 1.48069 1.18508 1.48369
2129000 0.644751 1.23985 1.17446 1.53073 1.16698 1.48802
2130000 1.65387 1.85895 1.15895 1.47555 1.15167 1.45324
2131000 0.520089 0.931754 1.17966 1.47906 1.20634 1.50439
2132000 1.05231 1.07895 1.16525 1.5247 1.168 1.47729
2133000 0.903682 0.991194 1.20407 1.46102 1.20714 1.47038
2134000 1.36902 2.1691 1.1802 1.47458 1.19146 1.4898
2135000 1.18448 1.64512 1.20109 1.47349 1.19074 1.46771
2136000 2.30719 2.41067 1.20573 1.50844 1.17477 1.48811
2137000 0.803313 0.815552 1.1368 1.42574 1.1578 1.44031
2138000 2.04822 2.50456 1.16294 1.46271 1.19829 1.49832
2139000 0.68019 1.02962 1.2203 1.54805 1.19013 1.48576
2140000 0.992589 1.04096 1.20386 1.49371 1.17826 1.4747
2141000 1.57588 1.68899 1.1873 1.47838 1.15147 1.44073
2142000 1.4214 2.15473 1.22073 1.52212 1.18408 1.49431
2143000 1.01172 1.09746 1.19839 1.50082 1.16507 1.455
2144000 2.34098 2.3741 1.19694 1.49038 1.19041 1.50041
2145000 0.450553 0.785457 1.18328 1.45739 1.19438 1.48701
2146000 0.637133 0.675317 1.29698 1.57959 1.24748 1.53664
2147000 0.588817 0.642961 1.16228 1.4446 1.17365 1.45494
2148000 1.22912 1.71445 1.20947 1.50204 1.19922 1.48449
2149000 0.909099 0.980914 1.19754 1.4925 1.1826 1.4869
2150000 1.70632 2.12346 1.25111 1.5573 1.22115 1.53219
2151000 0.653281 0.749651 1.15551 1.42437 1.18236 1.44939
2152000 0.996329 1.12248 1.20037 1.51079 1.18733 1.48981
2153000 0.550929 0.55907 1.2507 1.54509 1.2247 1.52861
2154000 0.761075 0.908395 1.21518 1.4785 1.21957 1.49414
2155000 1.29066 1.38365 1.18769 1.491 1.16397 1.47479
2156000 1.08703 1.2556 1.20587 1.49837 1.1586 1.46183
2157000 1.70221 1.91154 1.18108 1.48141 1.21263 1.50514
2158000 0.930522 1.08258 1.17828 1.45337 1.19274 1.47139
2159000 0.628422 1.0776 1.15293 1.45161 1.17753 1.47473
2160000 1.5005 1.57545 1.22577 1.52369 1.21269 1.51799
2161000 0.301752 0.537528 1.17163 1.46993 1.18225 1.46708
2162000 0.877986 0.956478 1.20445 1.48525 1.21785 1.50222
2163000 0.726006 0.928489 1.21212 1.5153 1.20478 1.50746
2164000 0.631231 0.992125 1.13368 1.43163 1.15682 1.45401
2165000 0.827656 1.01523 1.23206 1.52352 1.21622 1.51113
2166000 0.548467 0.700121 1.10465 1.41376 1.16522 1.45639
2167000 0.924607 1.69692 1.22 1.47991 1.20829 1.48273
2168000 1.35904 1.37051 1.21857 1.50942 1.17997 1.49109
2169000 2.32917 2.92535 1.15307 1.45882 1.20988 1.51237
2170000 1.52534 1.86186 1.19304 1.48491 1.20583 1.50687
2171000 1.38628 1.59818 1.15714 1.45538 1.15206 1.45959
2172000 1.20124 1.85257 1.19763 1.50707 1.1988 1.49388
2173000 1.68308 1.84364 1.23603 1.54359 1.22206 1.52981
2174000 3.12918 3.25392 1.15499 1.44551 1.17163 1.46721
2175000 0.841094 0.850501 1.21489 1.53282 1.17891 1.48554
2176000 0.648043 0.77334 1.18562 1.50694 1.17264 1.47585
2177000 0.677539 1.11077 1.15785 1.45418 1.19447 1.5031
2178000 1.33941 2.09958 1.19996 1.49024 1.17502 1.47598
2179000 1.1866 1.25141 1.20499 1.51381 1.20276 1.50234
2180000 0.926404 1.05909 1.20417 1.49738 1.21392 1.5065
2181000 0.840363 1.77487 1.2502 1.55306 1.24497 1.54272
2182000 0.382144 0.487526 1.24449 1.52425 1.20682 1.49634
2183000 1.58357 1.84997 1.14481 1.43801 1.19421 1.48523
2184000 2.70585 2.75481 1.26957 1.58517 1.22942 1.52836
2185000 0.556869 0.810383 1.19416 1.47783 1.19544 1.47801
2186000 0.9509 0.971084 1.14268 1.44325 1.18031 1.47867
2187000 1.16973 1.51086 1.16157 1.48369 1.1561 1.48329
2188000 1.18855 1.60933 1.21083 1.49771 1.20832 1.52075
2189000 1.38145 1.50831 1.20054 1.50137 1.21841 1.52286
2190000 2.61703 2.6645 1.22225 1.50084 1.20148 1.49094
2191000 0.581694 0.991114 1.15053 1.4638 1.18705 1.48384
2192000 1.81574 1.87221 1.2091 1.51698 1.21914 1.51437
2193000 1.94268 2.14956 1.18957 1.49675 1.17376 1.49569
2194000 1.98107 2.20279 1.22854 1.51173 1.22466 1.5129
2195000 0.716981 1.48179 1.24877 1.51686 1.2423 1.51276
2196000 1.63129 2.48441 1.18444 1.46507 1.21079 1.47946
2197000 1.18462 1.19174 1.15283 1.46928 1.14226 1.43513
2198000 1.33452 1.47567 1.13663 1.45103 1.13281 1.43289
2199000 0.927847 1.27075 1.19334 1.4976 1.21863 1.52528
2200000 0.878783 1.33883 1.25923 1.54778 1.22316 1.5142
2201000 2.55151 2.70053 1.17459 1.44533 1.18259 1.45768
2202000 1.51806 2.23167 1.18181 1.45915 1.19078 1.48204
2203000 1.39918 1.70834 1.17919 1.49621 1.17712 1.4897
2204000 0.711109 0.74381 1.14507 1.43974 1.16273 1.44177
2205000 0.38092 0.577091 1.12732 1.44045 1.16171 1.46135
2206000 0.850717 0.957649 1.15257 1.45008 1.1876 1.48957
2207000 1.05372 1.57708 1.13278 1.44166 1.17062 1.48995
2208000 1.35412 1.50804 1.19088 1.482 1.19236 1.48519
2209000 0.940345 1.59473 1.2176 1.52865 1.21055 1.51081
2210000 0.853443 1.42201 1.20085 1.50754 1.21411 1.50907
2211000 0.876649 1.28083 1.15172 1.42869 1.20381 1.48104
2212000 1.51326 1.84359 1.2143 1.54395 1.19836 1.51808
2213000 1.99361 2.20015 1.23056 1.52565 1.23817 1.52416
2214000 1.60964 2.0764 1.15092 1.46207 1.15978 1.46183
2215000 0.879528 0.9742 1.13482 1.40986 1.17575 1.46405
2216000 0.955795 1.02739 1.18426 1.48593 1.20447 1.51159
2217000 0.979465 1.58824 1.1931 1.49127 1.19185 1.50724
2218000 1.86799 1.98783 1.21222 1.51439 1.22007 1.52408
2219000 0.808744 0.828339 1.1772 1.47002 1.184 1.47422
2220000 1.37463 2.52009 1.20544 1.51559 1.21726 1.51009
2221000 1.93767 1.99403 1.13837 1.41975 1.14698 1.43449
2222000 1.55435 1.75061 1.28341 1.55476 1.23562 1.54956
2223000 0.547511 1.13657 1.17997 1.48864 1.19647 1.48764
2224000 0.977955 1.31566 1.24097 1.54104 1.21193 1.51078
2225000 1.15223 1.59689 1.18316 1.47364 1.18147 1.49212
2226000 1.55707 1.59913 1.23442 1.50123 1.22175 1.52379
2227000 1.08514 1.31404 1.17592 1.50873 1.19734 1.49484
2228000 0.950271 1.31392 1.2394 1.54865 1.24608 1.55114
2229000 0.848239 1.26027 1.13973 1.44051 1.18062 1.49306
2230000 1.511 1.86443 1.2672 1.56775 1.23624 1.52254
2231000 0.623744 0.841145 1.2464 1.54585 1.21341 1.51507
2232000 1.60026 2.36509 1.19855 1.52238 1.17783 1.49677
2233000 1.4976 1.51694 1.20851 1.49744 1.17861 1.48568
2234000 0.615296 0.746721 1.16015 1.4512 1.18045 1.46508
2235000 1.58558 1.70269 1.15445 1.48088 1.17207 1.50634
2236000 0.582179 1.49298 1.19772 1.4672 1.18709 1.47081
2237000 0.888269 1.0957 1.16426 1.46034 1.1801 1.46325
2238000 0.748181 1.49033 1.15635 1.44802 1.18331 1.47277
2239000 0.904173 1.03015 1.16831 1.44941 1.18084 1.46905
2240000 2.99686 3.47352 1.1782 1.49874 1.21476 1.5094
2241000 1.11087 1.25063 1.21953 1.5183 1.19054 1.48427
2242000 0.824732 2.24271 1.18444 1.49638 1.18871 1.48689
2243000 1.65285 1.67389 1.18314 1.50551 1.16592 1.4712
2244000 0.380938 0.532808 1.23781 1.5099 1.21897 1.50484
2245000 1.10976 1.49484 1.24027 1.50772 1.19014 1.48049
2246000 1.13269 1.38048 1.19862 1.49546 1.17227 1.46455
2247000 1.19675 1.89937 1.19938 1.44846 1.20335 1.48556
2248000 0.749702 1.01504 1.19792 1.48914 1.21761 1.52882
2249000 0.759815 1.1997 1.10685 1.42671 1.135 1.43856
2250000 0.39647 0.519997 1.21823 1.49662 1.21144 1.49021
2251000 0.534611 0.94326 1.10341 1.43713 1.15053 1.4675
2252000 1.95747 2.0113 1.18895 1.52069 1.19502 1.50601
2253000 0.780182 0.83704 1.19567 1.48501 1.23443 1.52689
2254000 1.06904 1.5574 1.19054 1.48337 1.19892 1.48754
2255000 0.646301 1.0553 1.19888 1.46138 1.18328 1.45515
2256000 1.00997 1.96087 1.19568 1.51733 1.22579 1.53008
2257000 1.54405 2.49556 1.16125 1.46293 1.17868 1.48085
2258000 0.456066 0.725162 1.16374 1.45726 1.1888 1.47403
2259000 1.7 1.73621 1.12173 1.42044 1.13714 1.44589
2260000 0.770433 1.54642 1.11627 1.40462 1.18097 1.47302
2261000 1.26094 1.3145 1.22435 1.51315 1.22999 1.51822
2262000 1.14079 1.45569 1.2307 1.54885 1.2068 1.54009
2263000 0.924983 1.15514 1.17549 1.47929 1.20226 1.50453
2264000 0.662796 0.791939 1.21964 1.49529 1.20107 1.50097
2265000 0.917073 0.955676 1.1503 1.43996 1.19607 1.50662
2266000 0.709074 0.817723 1.14499 1.45246 1.16045 1.46017
2267000 1.40766 1.41586 1.19779 1.48683 1.18735 1.48989
2268000 0.741487 0.938083 1.14254 1.43888 1.21396 1.49866
2269000 0.502036 0.800381 1.20454 1.50732 1.21004 1.5147
2270000 1.289 1.30487 1.1804 1.47508 1.18762 1.49037
2271000 0.90516 0.958129 1.20274 1.49409 1.18813 1.47084
2272000 1.60547 1.73547 1.18983 1.48043 1.17951 1.47367
2273000 1.01442 1.01477 1.23575 1.50726 1.20507 1.50065
2274000 1.31981 1.66926 1.23424 1.53028 1.20981 1.50705
2275000 2.31261 2.43308 1.2015 1.51337 1.17755 1.4941
2276000 1.38929 1.64259 1.17359 1.47025 1.20243 1.49031
2277000 0.975727 1.20621 1.12892 1.43094 1.16941 1.46349
2278000 0.965031 0.984446 1.18074 1.46988 1.20333 1.49186
2279000 0.225119 0.901629 1.18964 1.47835 1.19269 1.48484
2280000 0.678259 1.64851 1.16157 1.51047 1.16707 1.49578
2281000 1.57435 2.13601 1.25071 1.57644 1.23989 1.54125
2282000 0.831665 0.98927 1.17761 1.43526 1.19989 1.47192
2283000 1.37073 1.37451 1.16282 1.45344 1.15297 1.4398
2284000 1.51046 1.59418 1.188 1.47451 1.18709 1.48678
2285000 1.1843 1.20837 1.13794 1.4134 1.16177 1.44966
2286000 1.22776 1.30134 1.25404 1.53235 1.1951 1.48633
2287000 1.23255 1.45533 1.23363 1.51462 1.21721 1.48871
2288000 2.21638 2.22037 1.27619 1.55689 1.24826 1.52307
2289000 1.52151 2.09845 1.19378 1.51407 1.22063 1.53001
2290000 1.00659 1.4506 1.18516 1.50088 1.19232 1.49076
2291000 1.28105 1.3937 1.21211 1.5126 1.22753 1.5229
2292000 1.89154 1.91434 1.18724 1.4995 1.18828 1.48192
2293000 0.562083 0.81502 1.19929 1.50344 1.20219 1.51454
2294000 1.48263 1.61512 1.20765 1.50512 1.1855 1.49477
2295000 0.870528 1.06726 1.1284 1.41324 1.18577 1.48145
2296000 1.94557 2.29627 1.24434 1.515 1.24271 1.52418
2297000 0.302259 0.528315 1.19411 1.49255 1.19836 1.48814
2298000 1.33689 1.57008 1.16 1.47307 1.16314 1.46379
2299000 0.333463 0.513927 1.18589 1.52297 1.19309 1.50802
2300000 2.05574 2.20727 1.29276 1.57136 1.25528 1.52658
2301000 1.62356 2.47719 1.20223 1.47568 1.22843 1.51486
2302000 1.27126 2.04521 1.24628 1.57107 1.18542 1.50844
2303000 0.711703 1.30337 1.20755 1.52787 1.21021 1.5186
2304000 1.64457 1.70094 1.21757 1.50864 1.21297 1.50558
2305000 2.02218 2.07186 1.23759 1.58952 1.18098 1.51145
2306000 1.41573 1.69498 1.19282 1.50227 1.17598 1.47896
2307000 1.91861 2.88628 1.21746 1.50727 1.23634 1.51783
2308000 1.57541 2.14079 1.19253 1.49383 1.15738 1.44224
2309000 1.10522 1.27321 1.15131 1.46632 1.19071 1.50017
2310000 1.14935 1.3595 1.2209 1.5191 1.2207 1.51713
2311000 1.20043 1.56567 1.15089 1.49282 1.17069 1.49733
2312000 1.95684 2.18218 1.244 1.54481 1.21951 1.53049
2313000 1.76043 2.60304 1.20328 1.48029 1.19326 1.50173
2314000 0.802802 1.05132 1.16641 1.45779 1.19193 1.4957
2315000 1.37133 1.48616 1.10564 1.40839 1.13718 1.4248
2316000 1.50341 2.08592 1.16444 1.45886 1.16375 1.46778
2317000 0.652496 1.47369 1.28889 1.60413 1.24756 1.55281
2318000 1.61105 2.15048 1.23264 1.52525 1.2399 1.5096
2319000 0.906479 0.987137 1.20919 1.47826 1.19955 1.48037
2320000 1.52349 2.1017 1.19752 1.47039 1.19667 1.48236
2321000 2.03669 2.67608 1.20047 1.4686 1.18836 1.472
2322000 1.20902 1.23674 1.13389 1.43856 1.16163 1.46711
2323000 0.619781 0.625332 1.24416 1.52993 1.22775 1.523
2324000 1.50567 2.02261 1.20244 1.48502 1.19707 1.48018
2325000 1.87121 2.25082 1.18674 1.49141 1.21393 1.51465
2326000 1.39772 1.87766 1.22775 1.52867 1.234 1.53564
2327000 1.31384 1.53251 1.17837 1.46768 1.1733 1.47832
2328000 0.683224 0.845926 1.18677 1.49818 1.21414 1.51345
2329000 1.53878 1.65861 1.17781 1.49302 1.1891 1.49307
2330000 0.635187 0.932501 1.23736 1.54118 1.25455 1.56325
2331000 1.58964 2.62542 1.21088 1.51339 1.18596 1.48219
2332000 0.911961 1.41303 1.24966 1.55748 1.23059 1.5162
2333000 0.822227 0.967585 1.18378 1.46187 1.19496 1.47818
2334000 1.32327 1.44165 1.21836 1.52873 1.20306 1.50126
2335000 0.909726 1.14363 1.19645 1.48572 1.1696 1.47477
2336000 1.57605 1.90167 1.1788 1.45963 1.19616 1.47544
2337000 1.11533 1.13572 1.20974 1.50666 1.1755 1.47888
2338000 1.52749 1.97393 1.25355 1.5582 1.24059 1.54581
2339000 2.2551 2.26003 1.24423 1.52603 1.2269 1.52009
2340000 1.14117 1.2478 1.16483 1.45631 1.18108 1.46656
2341000 1.59414 1.69166 1.22253 1.53764 1.20294 1.51171
2342000 0.40501 1.01057 1.18445 1.45208 1.18737 1.45727
2343000 0.472753 0.681062 1.11421 1.3902 1.17045 1.45158
2344000 1.60948 2.51031 1.21707 1.48399 1.18138 1.47334
2345000 0.655674 0.852233 1.13869 1.42309 1.15738 1.45081
2346000 0.430215 0.542325 1.17676 1.4693 1.16665 1.46709
2347000 1.06325 1.35066 1.19006 1.48593 1.20132 1.50738
2348000 1.81522 2.01751 1.21027 1.52425 1.22098 1.52476
2349000 0.831998 0.944898 1.13882 1.43516 1.15194 1.44821
2350000 0.984213 1.17434 1.28123 1.60091 1.25315 1.5548
2351000 0.543142 0.639809 1.2239 1.5007 1.21362 1.50565
2352000 1.18155 1.5845 1.2103 1.52009 1.20432 1.51968
2353000 1.64263 1.92617 1.1974 1.51335 1.18107 1.47499
2354000 1.06742 1.35815 1.18451 1.4978 1.16112 1.47851
2355000 1.44779 1.55107 1.1975 1.51473 1.19211 1.49697
2356000 0.338973 0.570493 1.19383 1.50637 1.1841 1.49698
2357000 0.764988 0.894377 1.20807 1.48615 1.21031 1.47754
2358000 0.894475 1.04462 1.21683 1.49707 1.20125 1.49428
2359000 1.20592 1.38701 1.20028 1.50514 1.18165 1.49899
2360000 1.53882 1.56837 1.21409 1.49294 1.21371 1.51229
2361000 1.56509 2.21277 1.22602 1.53898 1.20652 1.51081
2362000 1.9454 2.18035 1.18366 1.48444 1.17169 1.48054
2363000 2.07931 2.20383 1.17639 1.45725 1.15468 1.43859
2364000 0.941867 1.25379 1.18776 1.46997 1.18547 1.48059
2365000 0.398579 0.557989 1.13534 1.4457 1.17747 1.48055
2366000 1.80731 1.98792 1.15328 1.45829 1.18852 1.49023
2367000 1.17357 1.71466 1.20519 1.50023 1.18559 1.47787
2368000 1.53615 1.79404 1.18949 1.49404 1.22815 1.53329
2369000 0.47431 0.706672 1.16891 1.4571 1.18237 1.49795
2370000 1.19379 1.28454 1.22709 1.5323 1.19996 1.49871
2371000 0.890719 1.04014 1.15484 1.44585 1.19553 1.50069
2372000 1.00083 1.17825 1.11116 1.4215 1.18052 1.48977
2373000 1.15419 2.11282 1.18643 1.47643 1.1661 1.46732
2374000 1.02974 1.61545 1.22258 1.48762 1.19166 1.46213
2375000 1.58699 1.9531 1.16796 1.44419 1.2084 1.49153
2376000 0.828398 0.859297 1.20729 1.47794 1.20516 1.51239
2377000 0.418665 0.72347 1.20591 1.50837 1.20369 1.50056
2378000 1.49335 1.49752 1.18314 1.48655 1.19251 1.49927
2379000 1.4913 2.06072 1.17837 1.47684 1.18134 1.47938
2380000 0.7339 1.13947 1.20558 1.50164 1.22225 1.51157
2381000 0.67157 0.980116 1.19038 1.46705 1.15878 1.45382
2382000 1.35307 1.69873 1.179 1.4766 1.21317 1.51738
2383000 1.56655 1.60944 1.18548 1.46643 1.17801 1.46116
2384000 1.04482 1.09686 1.16527 1.47069 1.22304 1.50859
2385000 1.99061 2.3617 1.21444 1.52951 1.20288 1.49794
2386000 1.57603 1.89405 1.23964 1.53566 1.24029 1.52823
2387000 0.856423 0.869427 1.20845 1.50049 1.22521 1.52168
2388000 2.08904 2.38895 1.14607 1.43486 1.14721 1.43865
2389000 0.938423 1.62542 1.19383 1.51474 1.20752 1.51382
2390000 1.2737 1.28022 1.17565 1.45034 1.17046 1.44851
2391000 1.40073 1.60199 1.25412 1.55166 1.22913 1.51744
2392000 1.58128 2.07187 1.18882 1.48732 1.1678 1.46286
2393000 1.12683 1.51433 1.17444 1.46018 1.25341 1.53828
2394000 1.52931 1.90557 1.25135 1.52569 1.2325 1.51558
2395000 0.837421 0.953556 1.19566 1.48324 1.1739 1.47161
2396000 1.24892 2.20909 1.16259 1.45826 1.16805 1.45434
2397000 1.85972 1.93513 1.17402 1.48489 1.18386 1.49263
2398000 0.376764 0.682156 1.21822 1.4977 1.23057 1.51667
2399000 1.20828 1.2163 1.19876 1.48825 1.20676 1.49597
